{
    "fttg": {
        "login": "fttg",
        "first_name": "Fernando",
        "last_name": "Teixeira",
        "characters": {
            "1": [
                "fttg.Harldan",
                "fttg.FernBeast",
                "fttg.LexiWarrior"
            ],
            "2": [
                "fttg.FernWiz"
            ]
        }
    },
    "tucker": {
        "login": "tucker",
        "first_name": "Tucker",
        "last_name": "Blue",
        "characters": {
            "1": [
                "tucker.TuckerBlue",
                "tucker.CrazyDog",
                "tucker.BunnyHunter"
            ],
            "2": [
                "tucker.TuckerMage",
                "tucker.TuckerWiz"
            ]
        }
    },
    "finn": {
        "login": "finn",
        "first_name": "Finn",
        "last_name": "Teixeira",
        "characters": {
            "1": [
                "finn.FinnKnight"
            ],
            "2": [
                "finn.FinnWizard",
                "finn.FinnMerlin"
            ]
        }
    },
    "lexi": {
        "login": "lexi",
        "first_name": "Lexi",
        "last_name": "Teixeira",
        "characters": {
            "2": [
                "lexi.LexiMage",
                "lexi.CatWhisperer"
            ],
            "1": [
                "lexi.PuppySlasher"
            ]
        }
    },
    "luke": {
        "login": "luke",
        "first_name": "Luke",
        "last_name": "Teixeira",
        "characters": {
            "1": [
                "luke.LukeKnight"
            ]
        }
    },
    "thebex": {
        "login": "thebex",
        "first_name": "Rebecca",
        "last_name": "Howe",
        "characters": {
            "2": [
                "thebex.Bex"
            ]
        }
    },
    "sophie": {
        "login": "sophie",
        "first_name": "Sophie",
        "last_name": "Genovese",
        "characters": {
            "2": [
                "sophie.QueenLexi"
            ],
            "1": [
                "sophie.BattleFinn"
            ]
        }
    },
    "toni": {
        "login": "toni",
        "first_name": "Toni",
        "last_name": "Teixeira",
        "characters": {
            "1": [
                "toni.Indy"
            ]
        }
    },
    "mark": {
        "login": "mark",
        "first_name": "Mark",
        "last_name": "Teixeira",
        "characters": {
            "2": [
                "mark.Raccoon"
            ]
        }
    },
    "alice": {
        "login": "alice",
        "first_name": "Alice",
        "last_name": "Mester",
        "characters": {
            "1": [
                "alice.AliceKnight"
            ],
            "2": [
                "alice.AliceMage"
            ]
        }
    }
}