{
    "E0001": {
        "id": "E0001",
        "name": "Solanis the thief",
        "pronoun": "he",
        "type": 1,
        "status": null,
        "description": "a menacing looking thief",
        "level": 1,
        "max_health": 50,
        "health": null,
        "attack_item_id": "s0002",
        "defense_item_id": "a0002",
        "inventory": ["t0003"],
        "message": "My name is Solanis, and I will take all your belongings."
    },
    "E0002": {
        "id": "E0002",
        "name": "Laya Thresh",
        "pronoun": "she",
        "type": 1,
        "status": null,
        "description": "a manacing looking young lady with fiery eyes",
        "level": 1,
        "max_health": 100,
        "health": null,
        "attack_item_id": "s0006",
        "defense_item_id": "a0004",
        "inventory": ["s0006"],
        "message": "Hello there. My name is Laya. Laya Thresh.\nGaze into my eyes, while my stilleto pierces your heart."
    },
    "E0101": {
        "id": "E0101",
        "name": "Zombie",
        "pronoun": "it",
        "type": 4,
        "status": null,
        "description": "a slow moving zombie",
        "level": 1,
        "max_health": 90,
        "health": null,
        "attack_item_id": null,
        "defense_item_id": "a0001",
        "inventory": null,
        "message": "Brains ... \nI need brains ...",
        "attack_drain": 10
    },
    "E0102": {
        "id": "E0102",
        "name": "Mummy",
        "pronoun": "it",
        "type": 4,
        "status": null,
        "description": "a scary looking mummy",
        "level": 1,
        "max_health": 100,
        "health": null,
        "attack_item_id": null,
        "defense_item_id": null,
        "inventory": null,
        "message": "Mmmmm ... \nKill ... protect ... kill",
        "attack_drain": 15
    },
    "E0201": {
        "id": "E0201",
        "name": "Martel the warlock",
        "pronoun": "he",
        "type": 2,
        "status": null,
        "description": "a warlock dressed in a red robe",
        "level": 1,
        "max_health": 30,
        "health": null,
        "attack_item_id": "m0002",
        "defense_item_id": "a0002",
        "inventory": null,
        "spells": null,
        "message": "You will dread the day you faced Martel.\nFeel the power of my dark magic."
    },
    "E0202": {
        "id": "E0202",
        "name": "Silvania the witch",
        "pronoun": "she",
        "type": 2,
        "status": null,
        "description": "a dark specter of a woman, yielding a ball of fire in her hands.",
        "level": 1,
        "max_health": 30,
        "health": null,
        "attack_item_id": "m0003",
        "defense_item_id": "a0003",
        "inventory": ["p0004"],
        "spells": null,
        "message": "You dare enter my realm?! You will face the wrath of Silvania."
    },
    "E0301": {
        "id": "E0301",
        "name": "Fierce tiger",
        "pronoun": "it",
        "type": 3,
        "status": null,
        "description": "a ferocious looking tiger",
        "level": 1,
        "max_health": 100,
        "health": null,
        "attack_item_id": "s0002",
        "defense_item_id": "a0002",
        "inventory": null,
        "message": "Grrrrr ... grrrrr.... gr......"
    },
    "E0103": {
        "id": "E0103",
        "name": "Evil Sherri",
        "pronoun": "she",
        "type": 300,
        "status": null,
        "description": "a menacing sorceress with a sinister smile",
        "level": 5,
        "max_health": 200,
        "health": 200,
        "attack_item_id": "s0004",
        "defense_item_id": "a0004",
        "inventory": null,
        "message": "Your journey ends here, mortal.\nAnd it will be swift if you are not carrying any holy water.\nFace the wrath of Evil Sherri!"
    },
    "N0001": {
        "id": "N0001",
        "name": "Wise old man",
        "pronoun": "he",
        "type": 100,
        "status": null,
        "description": "an old man, with a friendly countenance",
        "inventory": ["s0001", "a0001", "m0001", "p0001"],
        "message": "Hello there young adventurer. \nIt has been many years since I've seen the likes of you entering this temple.\nThere are many dangers ahead.\nI suggest you look around and find some means of attacking and protecting yourself.\nHere, let me get you started with a couple of things. "
    },
    "N0002": {
        "id": "N0002",
        "name": "Lady Mittenza",
        "pronoun": "she",
        "type": 100,
        "status": null,
        "description": "a slender woman with long black hair, carrying herself with the regal poise of a queen",
        "inventory": ["k0001"],
        "message": "Hello brave explorer, you may call me Lady Mittenza. \nI am a descendant of Queen Lonarra, and only bestow my wisdon to those I deem worthy.\nLooking into your heart, I believe you may be equal to this daunting quest.\nI will therefore give you this key, which you might need in the future. Go on and prove yourself. "
    },
    "Q0001": {
        "id": "Q0001",
        "name": "Priestess Lexi",
        "pronoun": "she",
        "type": 200,
        "status": null,
        "description": "a woman in a long white robe",
        "inventory": ["k0002"],
        "message": "Hello intrepid adventurer, I am High Priestess Lexi. \nI welcome you in your quest to find the Lonarra's secret treasure.\nI have an item that will help you in this endeavor, but I need help from you.\nPlease complete the following tasks, and return to me for your just reward. ",
        "complete_message": "Ah! I see you completed your tasks.\nTake this key. You will need it to advance further into the temple.",
        "incomplete_message": null,
        "tasks": {
            "items": ["t0001", "t0003"],
            "enemies": ["E0001"]
        },
        "quest_status": 0
    },
    "Q0002": {
        "id": "Q0002",
        "name": "Sir Wendell the Blue",
        "pronoun": "he",
        "type": 200,
        "status": null,
        "description": "a stern looking middle-aged men in a blue suit",
        "inventory": ["a0003", "p0003"],
        "message": "Who goes there? Ah, an explorer. I have need of your assistance.\nThere is word of a fierce tiger attacking vistors. If you can help me defeate him,\nI will reward you with valuable items.",
        "complete_message": "Ah! I see you completed your tasks.\nTake these items. I'm sure they will assit you in your search.",
        "incomplete_message": null,
        "tasks": {
            "items": [],
            "enemies": ["E0301"]
        },
        "quest_status": 0
    }
}