{
    "Tucker World": {
        "name" : "Tucker World",
        "description" : "A dangerous world full of wonders",
        "starting_location": {
            "zone_id": "z0100",
            "area_id": "a0101",
            "row": 10,
            "col": 5
        },
        "zones": {
            "z0100": {
                "id": "z0100",
                "name": "Temple first building",
                "description": "This is a dark temple, full of secrets. Holding a torch, one can only see their imediate sorroundings.",
                "areas": ["a0101", "a0102"]
            },
            "z0200": {
                "id": "z0200",
                "name": "Temple first building",
                "description": "This is another structure in the temple. Holding a torch, one can only see their imediate sorroundings.",
                "areas": ["a0201", "a0202"]
            }
        },
        "areas": {
            "a0101": {
                "id": "a0101",
                "name": "Temple building 1 - first floor",
                "description": "This is the first area in the temple, dimply lit with torches in the wall the only iluminate your imediate sourroundings. You can see passage ways ahead, but you will have to walk closer to see what's ahead",
                "zone_id": "z0100",
                "map": {
                    "grid" : [
                        ["BBBBB","BBBBB","BBBBB","BBBBB","BBBBB","BBBBB","BBBBB","BBBBB","BBBBB","BBBBB"],
                        ["BBBBB","WWWWW","WWWWW","WWWWW","WWWWW","WWWWW","WWWWW","WWWWW","WWWWW","BBBBB"],
                        ["BBBBB","t0001","     ","WWWWW","G0001","WWWWW","     ","     ","     ","BBBBB"],
                        ["BBBBB","WWWWW","     ","WWWWW","     ","     ","E0201","WWWWW","     ","BBBBB"],
                        ["BBBBB","WWWWW","     ","WWWWW","WWWWW","WWWWW","WWWWW","WWWWW","     ","BBBBB"],
                        ["BBBBB","     ","     ","     ","m0003","     ","     ","s0003","     ","BBBBB"],
                        ["BBBBB","     ","WWWWW","WWWWW","WWWWW","WWWWW","WWWWW","WWWWW","WWWWW","BBBBB"],
                        ["BBBBB","     ","WWWWW","     ","a0002","     ","Q0001","     ","     ","BBBBB"],
                        ["BBBBB","     ","E0001","     ","WWWWW","WWWWW","WWWWW","WWWWW","     ","BBBBB"],
                        ["BBBBB","WWWWW","WWWWW","WWWWW","WWWWW","     ","     ","     ","N0001","BBBBB"],
                        ["BBBBB","WWWWW","WWWWW","WWWWW","WWWWW","SSSSS","WWWWW","WWWWW","WWWWW","BBBBB"],
                        ["BBBBB","BBBBB","BBBBB","BBBBB","BBBBB","BBBBB","BBBBB","BBBBB","BBBBB","BBBBB"]
                    ]
                },
                "visited": null
            },
            "a0102": {
                "id": "a0102",
                "name": "Temple building 1 - second floor",
                "description": "This is another treacherous area of the temple. Your view is still limitted by the faint light of the torches.",
                "zone_id": "z0100",
                "map": {
                    "grid" : [
                        ["BBBBB","BBBBB","BBBBB","BBBBB","BBBBB","BBBBB","BBBBB","BBBBB","BBBBB","BBBBB","BBBBB","BBBBB","BBBBB"],
                        ["BBBBB","WWWWW","WWWWW","WWWWW","WWWWW","WWWWW","WWWWW","WWWWW","WWWWW","WWWWW","WWWWW","WWWWW","BBBBB"],
                        ["BBBBB","WWWWW","WWWWW","WWWWW","WWWWW","     ","     ","N0002","WWWWW","WWWWW","WWWWW","WWWWW","BBBBB"],
                        ["BBBBB","t0004","     ","     ","WWWWW","     ","WWWWW","WWWWW","WWWWW","     ","G0002","WWWWW","BBBBB"],
                        ["BBBBB","     ","WWWWW","E0301","WWWWW","     ","WWWWW","WWWWW","WWWWW","E0103","WWWWW","WWWWW","BBBBB"],
                        ["BBBBB","     ","WWWWW","h0002","WWWWW","     ","WWWWW","WWWWW","WWWWW","     ","WWWWW","WWWWW","BBBBB"],
                        ["BBBBB","Q0002","WWWWW","WWWWW","WWWWW","     ","     ","     ","     ","     ","WWWWW","WWWWW","BBBBB"],
                        ["BBBBB","     ","     ","     ","WWWWW","WWWWW","WWWWW","     ","WWWWW","     ","     ","     ","BBBBB"],
                        ["BBBBB","WWWWW","WWWWW","     ","WWWWW","     ","     ","     ","WWWWW","     ","WWWWW","     ","BBBBB"],
                        ["BBBBB","G0001","     ","     ","     ","     ","WWWWW","WWWWW","WWWWW","WWWWW","WWWWW","h0004","BBBBB"],
                        ["BBBBB","BBBBB","BBBBB","BBBBB","BBBBB","BBBBB","BBBBB","BBBBB","BBBBB","BBBBB","BBBBB","BBBBB","BBBBB"]
                    ]
                },
                "visited": null
            },
            "a0201": {
                "id": "a0201",
                "name": "Temple caves - first chamber",
                "description": "This appears to be a cave under the temple. It's still dark, but you don't see any hallways ahead. Just open space",
                "zone_id": "z0200",
                "map": {
                    "grid" : [
                        ["BBBBB","BBBBB","BBBBB","BBBBB","BBBBB","BBBBB","BBBBB"],
                        ["BBBBB","WWWWW","WWWWW","WWWWW","WWWWW","WWWWW","BBBBB"],
                        ["BBBBB","WWWWW","WWWWW","m0002","WWWWW","WWWWW","BBBBB"],
                        ["BBBBB","WWWWW","     ","s0004","     ","WWWWW","BBBBB"],
                        ["BBBBB","WWWWW","     ","     ","     ","WWWWW","BBBBB"],
                        ["BBBBB","G0002","     ","     ","E0101","G0003","BBBBB"],
                        ["BBBBB","WWWWW","     ","     ","     ","WWWWW","BBBBB"],
                        ["BBBBB","WWWWW","t0002","     ","     ","WWWWW","BBBBB"],
                        ["BBBBB","WWWWW","WWWWW","     ","     ","WWWWW","BBBBB"],
                        ["BBBBB","WWWWW","WWWWW","WWWWW","WWWWW","WWWWW","BBBBB"],
                        ["BBBBB","BBBBB","BBBBB","BBBBB","BBBBB","BBBBB","BBBBB"]
                    ]
                },
                "visited": null
            },
            "a0202": {
                "id": "a0202",
                "name": "Temple caves - second chamber",
                "description": "This is another section of the cave. You see passageways ahead in the shadows.",
                "zone_id": "z0200",
                "map": {
                    "grid" : [
                        ["BBBBB","BBBBB","BBBBB","BBBBB","BBBBB","BBBBB","BBBBB","BBBBB","BBBBB","BBBBB","BBBBB"],
                        ["BBBBB","h0003","WWWWW","WWWWW","WWWWW","WWWWW","WWWWW","WWWWW","XXXXX","WWWWW","BBBBB"],
                        ["BBBBB","     ","E0202","WWWWW","s0005","     ","WWWWW","     ","     ","     ","BBBBB"],
                        ["BBBBB","WWWWW","     ","WWWWW","WWWWW","     ","WWWWW","WWWWW","     ","WWWWW","BBBBB"],
                        ["BBBBB","WWWWW","     ","WWWWW","WWWWW","     ","WWWWW","WWWWW","E0102","WWWWW","BBBBB"],
                        ["BBBBB","G0003","     ","WWWWW","WWWWW","     ","WWWWW","WWWWW","     ","WWWWW","BBBBB"],
                        ["BBBBB","WWWWW","     ","WWWWW","WWWWW","     ","     ","     ","     ","WWWWW","BBBBB"],
                        ["BBBBB","WWWWW","     ","     ","WWWWW","WWWWW","WWWWW","     ","WWWWW","WWWWW","BBBBB"],
                        ["BBBBB","WWWWW","WWWWW","E0002","     ","     ","     ","     ","WWWWW","WWWWW","BBBBB"],
                        ["BBBBB","WWWWW","WWWWW","WWWWW","WWWWW","WWWWW","WWWWW","WWWWW","WWWWW","WWWWW","BBBBB"],
                        ["BBBBB","BBBBB","BBBBB","BBBBB","BBBBB","BBBBB","BBBBB","BBBBB","BBBBB","BBBBB","BBBBB"]
                    ]
                },
                "visited": null
            }
        }
    }
}
