{
    "G0001": {
        "id": "G0001",
        "name": "a0101-a0102",
        "description": "a plain wooden door",
        "status": null,
        "area1": {
            "id": "a0101",
            "row": 2,
            "col": 4
        },
        "area2": {
            "id": "a0102",
            "row": 9,
            "col": 1
        },
        "required_key": "k0002"
    },
    "G0002": {
        "id": "G0002",
        "name": "a0102-a0201",
        "description": "an iron gate",
        "status": null,
        "area1": {
            "id": "a0102",
            "row": 3,
            "col": 10
        },
        "area2": {
            "id": "a0201",
            "row": 5,
            "col": 1
        },
        "required_key": null
    },
    "G0003": {
        "id": "G0003",
        "name": "a0201-a0202",
        "description": "a marble gate",
        "status": null,
        "area1": {
            "id": "a0201",
            "row": 5,
            "col": 5
        },
        "area2": {
            "id": "a0202",
            "row": 5,
            "col": 1
        },
        "required_key": "k0001"
    }
}
