1716241585750159,E0001,fttg.LexiWarrior,PLAYER_ATTACK,s0001,59,a0002,43,16
1716241585750159,E0001,fttg.LexiWarrior,ENEMY_ATTACK,s0002,67,a0001,28,39
1716241585750159,E0001,fttg.LexiWarrior,PLAYER_ATTACK,s0001,51,a0002,46,5
1716241585750159,E0201,fttg.LexiWarrior,PLAYER_ATTACK,s0003,78,a0002,42,36
1716241700285266,E0001,tucker.BunnyHunter,PLAYER_ATTACK,s0001,74,a0002,42,32
1716241700285266,E0201,tucker.BunnyHunter,PLAYER_ATTACK,s0003,73,a0002,42,31
1716301904433935,E0001,lexi.PuppySlasher,PLAYER_ATTACK,s0001,67,a0002,44,23
1716301904433935,E0201,lexi.PuppySlasher,PLAYER_ATTACK,s0003,73,a0002,40,33
1716301904433935,E0301,lexi.PuppySlasher,PLAYER_ATTACK,s0001,68,a0002,46,22
1716301904433935,E0301,lexi.PuppySlasher,ENEMY_ATTACK,s0002,64,a0001,20,44
1716301904433935,E0301,lexi.PuppySlasher,PLAYER_ATTACK,s0001,61,a0002,46,15
1716301904433935,E0301,lexi.PuppySlasher,ENEMY_ATTACK,s0002,83,a0001,25,58
1716301904433935,E0301,lexi.PuppySlasher,PLAYER_ATTACK,s0001,61,a0002,42,19
1716301904433935,E0301,lexi.PuppySlasher,ENEMY_ATTACK,s0002,68,a0001,22,46
1716301904433935,E0301,lexi.PuppySlasher,PLAYER_ATTACK,s0001,67,a0002,43,24
1716301904433935,E0301,lexi.PuppySlasher,ENEMY_ATTACK,s0002,83,a0001,27,56
1716301904433935,E0301,lexi.PuppySlasher,PLAYER_ATTACK,s0001,53,a0002,41,12
1716301904433935,E0301,lexi.PuppySlasher,ENEMY_ATTACK,s0002,81,a0001,27,54
1716301904433935,E0301,lexi.PuppySlasher,PLAYER_ATTACK,s0001,73,a0002,44,29
1716301904433935,E0101,lexi.PuppySlasher,PLAYER_ATTACK,s0001,72,a0001,28,44
1716301904433935,E0101,lexi.PuppySlasher,ENEMY_ATTACK,drain,84,a0001,29,55
1716301904433935,E0101,lexi.PuppySlasher,PLAYER_ATTACK,s0001,59,a0001,27,32
1716301904433935,E0101,lexi.PuppySlasher,ENEMY_ATTACK,drain,78,a0001,21,57
1716301904433935,E0101,lexi.PuppySlasher,PLAYER_ATTACK,s0001,64,a0001,24,40
1716301904433935,E0202,lexi.PuppySlasher,PLAYER_ATTACK,s0003,76,a0003,66,10
1716301904433935,E0202,lexi.PuppySlasher,ENEMY_ATTACK,m0003,123,a0002,41,82
1716301904433935,E0202,lexi.PuppySlasher,PLAYER_ATTACK,s0003,95,a0003,64,31
1716301904433935,E0002,lexi.PuppySlasher,PLAYER_ATTACK,s0004,102,a0004,50,52
1716301904433935,E0002,lexi.PuppySlasher,ENEMY_ATTACK,s0006,72,a0002,49,23
1716301904433935,E0002,lexi.PuppySlasher,PLAYER_ATTACK,s0004,113,a0004,45,68
1716305646036227,E0202,fttg.LexiWarrior,PLAYER_ATTACK,d0001,5,a0003,61,0
1716305646036227,E0202,fttg.LexiWarrior,ENEMY_ATTACK,m0003,112,d0002,0,112
1716305646036227,E0202,fttg.LexiWarrior,PLAYER_ATTACK,d0001,6,a0003,61,0
1716305646036227,E0202,fttg.LexiWarrior,ENEMY_ATTACK,m0003,104,d0002,0,104
1716305646036227,E0202,fttg.LexiWarrior,PLAYER_ATTACK,d0001,5,a0003,63,0
1716305646036227,E0202,fttg.LexiWarrior,ENEMY_ATTACK,m0003,118,d0002,0,118
1716301904433935,E0202,lexi.PuppySlasher,PLAYER_ATTACK,s0004,108,a0003,79,29
1716301904433935,E0202,lexi.PuppySlasher,ENEMY_ATTACK,m0003,113,a0003,63,50
1716301904433935,E0202,lexi.PuppySlasher,PLAYER_ATTACK,s0004,106,a0003,60,46
1716301904433935,E0002,lexi.PuppySlasher,PLAYER_ATTACK,s0003,76,a0004,49,27
1716301904433935,E0002,lexi.PuppySlasher,ENEMY_ATTACK,s0006,79,a0002,48,31
1716301904433935,E0002,lexi.PuppySlasher,PLAYER_ATTACK,s0003,95,a0004,46,49
1716301904433935,E0002,lexi.PuppySlasher,ENEMY_ATTACK,s0006,78,a0002,49,29
1716301904433935,E0002,lexi.PuppySlasher,PLAYER_ATTACK,s0003,75,a0004,42,33
1716301904433935,E0102,lexi.PuppySlasher,PLAYER_ATTACK,s0005,141,d0002,0,141
1716306001124500,E0102,fttg.Harldan,PLAYER_ATTACK,d0001,6,d0002,0,6
1716306001124500,E0102,fttg.Harldan,ENEMY_ATTACK,d0001,100,d0002,0,100
1716306001124500,E0102,fttg.Harldan,PLAYER_ATTACK,d0001,6,d0002,0,6
1716306001124500,E0102,fttg.Harldan,ENEMY_ATTACK,d0001,90,d0002,0,90
1716306001124500,E0102,fttg.Harldan,PLAYER_ATTACK,d0001,6,d0002,0,6
1716306001124500,E0102,fttg.Harldan,ENEMY_ATTACK,d0001,81,d0002,0,81
1716306001124500,E0102,fttg.Harldan,PLAYER_ATTACK,d0001,5,d0002,0,5
1716306001124500,E0102,fttg.Harldan,ENEMY_ATTACK,d0001,72,d0002,0,72
1716307328234762,E0102,fttg.Harldan,PLAYER_ATTACK,d0001,5,d0002,0,5
1716307328234762,E0102,fttg.Harldan,ENEMY_ATTACK,drain,100,d0002,0,100
1716307328234762,E0102,fttg.Harldan,PLAYER_ATTACK,d0001,5,d0002,0,5
1716307328234762,E0102,fttg.Harldan,ENEMY_ATTACK,drain,90,d0002,0,90
1716307328234762,E0102,fttg.Harldan,PLAYER_ATTACK,d0001,6,d0002,0,6
1716307328234762,E0102,fttg.Harldan,ENEMY_ATTACK,drain,81,d0002,0,81
1716312177428130,E0001,alice.AliceMage,PLAYER_ATTACK,m0001,58,a0002,41,17
1716312177428130,E0001,alice.AliceMage,ENEMY_ATTACK,s0002,67,p0001,29,38
1716312177428130,E0001,alice.AliceMage,PLAYER_ATTACK,m0001,52,a0002,43,9
1716312177428130,E0201,alice.AliceMage,PLAYER_ATTACK,m0003,106,a0002,44,62
1716312177428130,E0301,alice.AliceMage,PLAYER_ATTACK,m0001,70,a0002,43,27
1716312177428130,E0301,alice.AliceMage,ENEMY_ATTACK,s0002,80,p0001,24,56
1716312177428130,E0301,alice.AliceMage,PLAYER_ATTACK,m0001,65,a0002,41,24
1716312177428130,E0301,alice.AliceMage,ENEMY_ATTACK,s0002,64,p0001,22,42
1716312177428130,E0301,alice.AliceMage,PLAYER_ATTACK,m0001,56,a0002,44,12
1716312177428130,E0301,alice.AliceMage,ENEMY_ATTACK,s0002,66,p0001,21,45
1716312177428130,E0301,alice.AliceMage,PLAYER_ATTACK,m0001,64,a0002,50,14
1716312177428130,E0301,alice.AliceMage,ENEMY_ATTACK,s0002,62,p0001,25,37
1716312177428130,E0301,alice.AliceMage,PLAYER_ATTACK,m0001,60,a0002,40,20
1716312177428130,E0301,alice.AliceMage,ENEMY_ATTACK,s0002,70,p0001,23,47
1716312177428130,E0301,alice.AliceMage,PLAYER_ATTACK,m0001,61,a0002,41,20
1716312177428130,E0101,alice.AliceMage,PLAYER_ATTACK,m0002,74,a0001,28,46
1716312177428130,E0101,alice.AliceMage,ENEMY_ATTACK,drain,73,p0003,73,0
1716312177428130,E0101,alice.AliceMage,PLAYER_ATTACK,m0002,64,a0001,30,34
1716312177428130,E0101,alice.AliceMage,ENEMY_ATTACK,drain,73,p0003,63,10
1716312177428130,E0101,alice.AliceMage,PLAYER_ATTACK,m0002,85,a0001,27,58
1716312177428130,E0202,alice.AliceMage,PLAYER_ATTACK,m0003,103,a0003,71,32
1716312177428130,E0002,alice.AliceMage,PLAYER_ATTACK,m0002,82,a0004,46,36
1716312177428130,E0002,alice.AliceMage,ENEMY_ATTACK,s0006,72,p0004,83,0
1716312177428130,E0002,alice.AliceMage,PLAYER_ATTACK,m0002,76,a0004,50,26
1716312177428130,E0002,alice.AliceMage,ENEMY_ATTACK,s0006,79,p0004,88,0
1716312177428130,E0002,alice.AliceMage,PLAYER_ATTACK,m0002,69,a0004,47,22
1716312177428130,E0002,alice.AliceMage,ENEMY_ATTACK,s0006,79,p0004,83,0
1716312177428130,E0002,alice.AliceMage,PLAYER_ATTACK,m0002,71,a0004,45,26
1716312177428130,E0102,alice.AliceMage,PLAYER_ATTACK,m0003,115,d0002,0,115
1716218905089485,E0201,finn.FinnKnight,PLAYER_ATTACK,s0003,83,a0002,42,41
1716218905089485,E0301,finn.FinnKnight,PLAYER_ATTACK,s0001,59,a0002,43,16
1716218905089485,E0301,finn.FinnKnight,ENEMY_ATTACK,s0002,63,a0002,46,17
1716218905089485,E0301,finn.FinnKnight,PLAYER_ATTACK,s0001,57,a0002,40,17
1716218905089485,E0301,finn.FinnKnight,ENEMY_ATTACK,s0002,73,a0002,44,29
1716218905089485,E0301,finn.FinnKnight,PLAYER_ATTACK,s0001,58,a0002,45,13
1716218905089485,E0301,finn.FinnKnight,ENEMY_ATTACK,s0002,78,a0002,50,28
1716218905089485,E0301,finn.FinnKnight,PLAYER_ATTACK,s0001,66,a0002,40,26
1716218905089485,E0301,finn.FinnKnight,ENEMY_ATTACK,s0002,60,a0002,50,10
1716218905089485,E0301,finn.FinnKnight,PLAYER_ATTACK,s0001,66,a0002,45,21
1716218905089485,E0301,finn.FinnKnight,ENEMY_ATTACK,s0002,78,a0002,44,34
1716218905089485,E0301,finn.FinnKnight,PLAYER_ATTACK,s0001,67,a0002,41,26
1716218905089485,E0101,finn.FinnKnight,PLAYER_ATTACK,s0003,84,a0001,24,60
1716218905089485,E0101,finn.FinnKnight,ENEMY_ATTACK,drain,85,a0001,24,61
1716218905089485,E0101,finn.FinnKnight,PLAYER_ATTACK,s0003,83,a0001,23,60
1716314952537595,E0001,finn.FinnMerlin,PLAYER_ATTACK,m0001,54,a0002,41,13
1716314952537595,E0001,finn.FinnMerlin,ENEMY_ATTACK,s0002,84,p0001,25,59
1716314952537595,E0001,finn.FinnMerlin,PLAYER_ATTACK,m0001,70,a0002,42,28
1716314952537595,E0201,finn.FinnMerlin,PLAYER_ATTACK,m0001,63,a0002,43,20
1716314952537595,E0201,finn.FinnMerlin,ENEMY_ATTACK,m0002,65,p0001,28,37
1716314952537595,E0201,finn.FinnMerlin,PLAYER_ATTACK,m0001,59,a0002,41,18
1716314952537595,E0101,finn.FinnMerlin,PLAYER_ATTACK,m0002,63,a0001,30,33
1716314952537595,E0101,finn.FinnMerlin,ENEMY_ATTACK,drain,90,p0001,24,66
1716314952537595,E0101,finn.FinnMerlin,PLAYER_ATTACK,m0002,73,a0001,24,49
1716314952537595,E0101,finn.FinnMerlin,ENEMY_ATTACK,drain,83,p0001,30,53
1716314952537595,E0101,finn.FinnMerlin,PLAYER_ATTACK,m0002,63,a0001,20,43
1716314952537595,E0202,finn.FinnMerlin,PLAYER_ATTACK,m0002,66,a0003,67,0
1716314952537595,E0202,finn.FinnMerlin,ENEMY_ATTACK,m0003,105,p0001,24,81
1716314952537595,E0202,finn.FinnMerlin,PLAYER_ATTACK,m0002,71,a0003,62,9
1716314952537595,E0202,finn.FinnMerlin,ENEMY_ATTACK,m0003,111,p0001,23,88
1716314952537595,E0202,finn.FinnMerlin,PLAYER_ATTACK,m0002,65,a0003,76,0
1716314952537595,E0202,finn.FinnMerlin,ENEMY_ATTACK,m0003,123,p0001,22,101
1716314952537595,E0202,finn.FinnMerlin,PLAYER_ATTACK,m0002,83,a0003,70,13
1716314952537595,E0202,finn.FinnMerlin,ENEMY_ATTACK,m0003,124,p0001,28,96
1716314952537595,E0202,finn.FinnMerlin,PLAYER_ATTACK,m0002,80,a0003,64,16
1716314952537595,E0002,finn.FinnMerlin,PLAYER_ATTACK,m0003,100,a0004,40,60
1716314952537595,E0002,finn.FinnMerlin,ENEMY_ATTACK,s0006,76,p0001,21,55
1716314952537595,E0002,finn.FinnMerlin,PLAYER_ATTACK,m0003,105,a0004,49,56
1716314952537595,E0102,finn.FinnMerlin,PLAYER_ATTACK,m0001,63,d0002,0,63
1716314952537595,E0102,finn.FinnMerlin,ENEMY_ATTACK,drain,56,p0004,87,0
1716314952537595,E0102,finn.FinnMerlin,PLAYER_ATTACK,m0001,68,d0002,0,68
1716219267969302,E0101,sophie.BattleFinn,PLAYER_ATTACK,s0003,72,a0001,20,52
1716219267969302,E0101,sophie.BattleFinn,ENEMY_ATTACK,drain,98,a0002,40,58
1716219267969302,E0101,sophie.BattleFinn,PLAYER_ATTACK,s0003,95,a0001,26,69
1716323986768483,E0001,sophie.QueenLexi,PLAYER_ATTACK,m0001,52,a0002,42,10
1716323986768483,E0001,sophie.QueenLexi,ENEMY_ATTACK,s0002,74,p0001,23,51
1716323986768483,E0001,sophie.QueenLexi,PLAYER_ATTACK,m0001,66,a0002,44,22
1716323986768483,E0201,sophie.QueenLexi,PLAYER_ATTACK,m0003,114,a0002,41,73
1716323986768483,E0301,sophie.QueenLexi,PLAYER_ATTACK,m0003,120,a0002,44,76
1716323986768483,E0301,sophie.QueenLexi,ENEMY_ATTACK,s0002,61,p0001,25,36
1716323986768483,E0301,sophie.QueenLexi,PLAYER_ATTACK,m0003,125,a0002,47,78
1716323986768483,E0101,sophie.QueenLexi,PLAYER_ATTACK,m0003,109,a0001,20,89
1716323986768483,E0101,sophie.QueenLexi,ENEMY_ATTACK,drain,91,p0003,68,23
1716323986768483,E0101,sophie.QueenLexi,PLAYER_ATTACK,m0003,102,a0001,28,74
1716323986768483,E0202,sophie.QueenLexi,PLAYER_ATTACK,m0001,59,a0003,76,0
1716323986768483,E0202,sophie.QueenLexi,ENEMY_ATTACK,m0003,102,p0003,66,36
1716323986768483,E0202,sophie.QueenLexi,PLAYER_ATTACK,m0001,71,a0003,73,0
1716323986768483,E0202,sophie.QueenLexi,ENEMY_ATTACK,m0003,125,p0003,69,56
1716323986768483,E0202,sophie.QueenLexi,PLAYER_ATTACK,m0001,69,a0003,71,0
1716323986768483,E0202,sophie.QueenLexi,ENEMY_ATTACK,m0003,100,p0003,70,30
1716323986768483,E0202,sophie.QueenLexi,PLAYER_ATTACK,m0001,65,a0003,73,0
1716323986768483,E0202,sophie.QueenLexi,ENEMY_ATTACK,m0003,123,p0003,60,63
1716323986768483,E0202,sophie.QueenLexi,PLAYER_ATTACK,m0001,66,a0003,68,0
1716323986768483,E0202,sophie.QueenLexi,ENEMY_ATTACK,m0003,122,p0003,60,62
1716323986768483,E0202,sophie.QueenLexi,PLAYER_ATTACK,m0001,53,a0003,77,0
1716323986768483,E0202,sophie.QueenLexi,ENEMY_ATTACK,m0003,125,p0003,67,58
1716323986768483,E0202,sophie.QueenLexi,PLAYER_ATTACK,m0001,75,a0003,69,6
1716323986768483,E0202,sophie.QueenLexi,ENEMY_ATTACK,m0003,106,p0003,71,35
1716323986768483,E0202,sophie.QueenLexi,PLAYER_ATTACK,m0001,59,a0003,60,0
1716323986768483,E0202,sophie.QueenLexi,ENEMY_ATTACK,m0003,109,p0003,67,42
1716323986768483,E0202,sophie.QueenLexi,PLAYER_ATTACK,m0001,53,a0003,66,0
1716323986768483,E0202,sophie.QueenLexi,ENEMY_ATTACK,m0003,123,p0003,74,49
1716323986768483,E0202,sophie.QueenLexi,PLAYER_ATTACK,m0001,54,a0003,64,0
1716323986768483,E0202,sophie.QueenLexi,ENEMY_ATTACK,m0003,116,p0003,68,48
1716323986768483,E0202,sophie.QueenLexi,PLAYER_ATTACK,m0001,75,a0003,80,0
1716323986768483,E0202,sophie.QueenLexi,ENEMY_ATTACK,m0003,113,p0003,70,43
1716323986768483,E0202,sophie.QueenLexi,PLAYER_ATTACK,m0001,57,a0003,61,0
1716323986768483,E0202,sophie.QueenLexi,ENEMY_ATTACK,m0003,111,p0003,61,50
1716323986768483,E0202,sophie.QueenLexi,PLAYER_ATTACK,m0001,69,a0003,76,0
1716323986768483,E0202,sophie.QueenLexi,ENEMY_ATTACK,m0003,103,p0003,61,42
1716323986768483,E0202,sophie.QueenLexi,PLAYER_ATTACK,m0001,71,a0003,62,9
1716323986768483,E0202,sophie.QueenLexi,ENEMY_ATTACK,m0003,107,p0003,79,28
1716323986768483,E0202,sophie.QueenLexi,PLAYER_ATTACK,m0001,63,a0003,73,0
1716323986768483,E0202,sophie.QueenLexi,ENEMY_ATTACK,m0003,106,p0003,63,43
1716323986768483,E0202,sophie.QueenLexi,PLAYER_ATTACK,m0001,67,a0003,63,4
1716323986768483,E0202,sophie.QueenLexi,ENEMY_ATTACK,m0003,117,p0003,61,56
1716323986768483,E0202,sophie.QueenLexi,PLAYER_ATTACK,m0001,52,a0003,79,0
1716323986768483,E0202,sophie.QueenLexi,ENEMY_ATTACK,m0003,100,p0003,62,38
1716323986768483,E0202,sophie.QueenLexi,PLAYER_ATTACK,m0001,54,a0003,79,0
1716323986768483,E0202,sophie.QueenLexi,ENEMY_ATTACK,m0003,112,p0003,73,39
1716323986768483,E0202,sophie.QueenLexi,PLAYER_ATTACK,m0001,72,a0003,69,3
1716323986768483,E0202,sophie.QueenLexi,ENEMY_ATTACK,m0003,112,p0003,61,51
1716323986768483,E0202,sophie.QueenLexi,PLAYER_ATTACK,m0001,53,a0003,80,0
1716323986768483,E0202,sophie.QueenLexi,ENEMY_ATTACK,m0003,123,p0003,65,58
1716324587777581,E0001,tucker.CrazyDog,PLAYER_ATTACK,s0001,65,a0002,40,25
1716324587777581,E0001,tucker.CrazyDog,ENEMY_ATTACK,s0002,78,a0001,26,52
1716324702191083,E0001,tucker.CrazyDog,PLAYER_ATTACK,s0001,70,a0002,40,30
1716324702191083,E0001,tucker.CrazyDog,ENEMY_ATTACK,s0002,65,a0002,47,18
1716324702191083,E0001,tucker.CrazyDog,PLAYER_ATTACK,s0001,71,a0002,45,26
1716324702191083,E0201,tucker.CrazyDog,PLAYER_ATTACK,s0003,90,a0002,49,41
1716324702191083,E0301,tucker.CrazyDog,PLAYER_ATTACK,s0001,72,a0002,42,30
1716324702191083,E0301,tucker.CrazyDog,ENEMY_ATTACK,s0002,61,a0001,28,33
1716324702191083,E0301,tucker.CrazyDog,PLAYER_ATTACK,s0001,73,a0002,47,26
1716324702191083,E0301,tucker.CrazyDog,ENEMY_ATTACK,s0002,67,a0001,24,43
1716324702191083,E0301,tucker.CrazyDog,PLAYER_ATTACK,s0001,62,a0002,50,12
1716324702191083,E0301,tucker.CrazyDog,ENEMY_ATTACK,s0002,65,a0001,26,39
1716324702191083,E0301,tucker.CrazyDog,PLAYER_ATTACK,s0001,57,a0002,44,13
1716324702191083,E0301,tucker.CrazyDog,ENEMY_ATTACK,s0002,68,a0001,25,43
1716324702191083,E0301,tucker.CrazyDog,PLAYER_ATTACK,s0001,72,a0002,44,28
1716324702191083,E0101,tucker.CrazyDog,PLAYER_ATTACK,s0004,112,a0001,20,92
1716324702191083,E0202,tucker.CrazyDog,PLAYER_ATTACK,s0004,120,a0003,64,56
1716324702191083,E0002,tucker.CrazyDog,PLAYER_ATTACK,s0003,81,a0004,42,39
1716324702191083,E0002,tucker.CrazyDog,ENEMY_ATTACK,s0006,73,a0003,62,11
1716324702191083,E0002,tucker.CrazyDog,PLAYER_ATTACK,s0003,80,a0004,49,31
1716324702191083,E0002,tucker.CrazyDog,ENEMY_ATTACK,s0006,79,a0003,77,2
1716324702191083,E0002,tucker.CrazyDog,PLAYER_ATTACK,s0003,85,a0004,50,35
1716324702191083,E0102,tucker.CrazyDog,PLAYER_ATTACK,s0006,78,d0002,0,78
1716324702191083,E0102,tucker.CrazyDog,ENEMY_ATTACK,drain,81,a0002,42,39
1716324702191083,E0102,tucker.CrazyDog,PLAYER_ATTACK,s0006,75,d0002,0,75
1716406140173813,E0001,lexi.CatWhisperer,PLAYER_ATTACK,m0001,54,a0002,46,8
1716406140173813,E0001,lexi.CatWhisperer,ENEMY_ATTACK,s0002,76,p0001,21,55
1716406140173813,E0001,lexi.CatWhisperer,PLAYER_ATTACK,m0001,55,a0002,49,6
1716406140173813,E0001,lexi.CatWhisperer,ENEMY_ATTACK,s0002,84,p0001,23,61
1716406140173813,E0001,lexi.CatWhisperer,PLAYER_ATTACK,m0001,54,a0002,40,14
1716406140173813,E0001,lexi.CatWhisperer,ENEMY_ATTACK,s0002,82,p0001,20,62
1716406140173813,E0001,lexi.CatWhisperer,PLAYER_ATTACK,m0001,75,a0002,49,26
1716406140173813,E0201,lexi.CatWhisperer,PLAYER_ATTACK,m0003,101,a0002,48,53
1716406140173813,E0301,lexi.CatWhisperer,PLAYER_ATTACK,m0001,64,a0002,47,17
1716406140173813,E0301,lexi.CatWhisperer,ENEMY_ATTACK,s0002,80,p0001,21,59
1716406140173813,E0301,lexi.CatWhisperer,PLAYER_ATTACK,m0001,62,a0002,49,13
1716406140173813,E0301,lexi.CatWhisperer,ENEMY_ATTACK,s0002,77,p0001,29,48
1716406140173813,E0301,lexi.CatWhisperer,PLAYER_ATTACK,m0001,50,a0002,41,9
1716406140173813,E0301,lexi.CatWhisperer,ENEMY_ATTACK,s0002,72,p0001,23,49
1716406140173813,E0301,lexi.CatWhisperer,PLAYER_ATTACK,m0001,58,a0002,43,15
1716406140173813,E0301,lexi.CatWhisperer,ENEMY_ATTACK,s0002,66,p0001,28,38
1716406140173813,E0301,lexi.CatWhisperer,PLAYER_ATTACK,m0001,59,a0002,43,16
1716406140173813,E0301,lexi.CatWhisperer,ENEMY_ATTACK,s0002,75,p0001,25,50
1716406140173813,E0301,lexi.CatWhisperer,PLAYER_ATTACK,m0001,54,a0002,46,8
1716406140173813,E0301,lexi.CatWhisperer,ENEMY_ATTACK,s0002,70,p0001,24,46
1716406140173813,E0301,lexi.CatWhisperer,PLAYER_ATTACK,m0001,61,a0002,50,11
1716406140173813,E0301,lexi.CatWhisperer,ENEMY_ATTACK,s0002,76,p0001,30,46
1716406140173813,E0301,lexi.CatWhisperer,PLAYER_ATTACK,m0001,62,a0002,44,18
1716406140173813,E0101,lexi.CatWhisperer,PLAYER_ATTACK,m0002,83,a0001,20,63
1716406140173813,E0101,lexi.CatWhisperer,ENEMY_ATTACK,drain,48,p0003,66,0
1716406140173813,E0101,lexi.CatWhisperer,PLAYER_ATTACK,m0002,63,a0001,27,36
1716406140173813,E0202,lexi.CatWhisperer,PLAYER_ATTACK,m0001,63,a0003,79,0
1716406140173813,E0202,lexi.CatWhisperer,ENEMY_ATTACK,m0003,102,p0003,65,37
1716406140173813,E0202,lexi.CatWhisperer,PLAYER_ATTACK,m0001,61,a0003,66,0
1716406140173813,E0202,lexi.CatWhisperer,ENEMY_ATTACK,m0003,104,p0003,70,34
1716406140173813,E0202,lexi.CatWhisperer,PLAYER_ATTACK,m0001,75,a0003,71,4
1716406140173813,E0202,lexi.CatWhisperer,ENEMY_ATTACK,m0003,115,p0003,73,42
1716406140173813,E0202,lexi.CatWhisperer,PLAYER_ATTACK,m0001,51,a0003,60,0
1716406140173813,E0202,lexi.CatWhisperer,ENEMY_ATTACK,m0003,112,p0003,70,42
1716406140173813,E0202,lexi.CatWhisperer,PLAYER_ATTACK,m0001,52,a0003,74,0
1716406140173813,E0202,lexi.CatWhisperer,ENEMY_ATTACK,m0003,106,p0003,73,33
1716406140173813,E0202,lexi.CatWhisperer,PLAYER_ATTACK,m0001,65,a0003,61,4
1716406140173813,E0202,lexi.CatWhisperer,ENEMY_ATTACK,m0003,115,p0003,77,38
1716406140173813,E0202,lexi.CatWhisperer,PLAYER_ATTACK,m0001,71,a0003,63,8
1716406140173813,E0202,lexi.CatWhisperer,ENEMY_ATTACK,m0003,101,p0003,70,31
1716406140173813,E0202,lexi.CatWhisperer,PLAYER_ATTACK,m0001,56,a0003,80,0
1716406140173813,E0202,lexi.CatWhisperer,ENEMY_ATTACK,m0003,108,p0003,70,38
1716406140173813,E0202,lexi.CatWhisperer,PLAYER_ATTACK,m0001,61,a0003,69,0
1716406140173813,E0202,lexi.CatWhisperer,ENEMY_ATTACK,m0003,110,p0003,68,42
1716406140173813,E0202,lexi.CatWhisperer,PLAYER_ATTACK,m0001,67,a0003,65,2
1716406140173813,E0202,lexi.CatWhisperer,ENEMY_ATTACK,m0003,119,p0003,70,49
1716406140173813,E0202,lexi.CatWhisperer,PLAYER_ATTACK,m0001,56,a0003,68,0
1716406140173813,E0202,lexi.CatWhisperer,ENEMY_ATTACK,m0003,112,p0003,61,51
1716406140173813,E0202,lexi.CatWhisperer,PLAYER_ATTACK,m0001,65,a0003,80,0
1716406140173813,E0202,lexi.CatWhisperer,ENEMY_ATTACK,m0003,110,p0003,72,38
1716406140173813,E0202,lexi.CatWhisperer,PLAYER_ATTACK,m0001,58,a0003,71,0
1716406140173813,E0202,lexi.CatWhisperer,ENEMY_ATTACK,m0003,115,p0003,75,40
1716410327832234,E0001,lexi.CatWhisperer,PLAYER_ATTACK,m0001,74,a0002,45,29
1716410327832234,E0001,lexi.CatWhisperer,ENEMY_ATTACK,s0002,69,p0001,21,48
1716410327832234,E0001,lexi.CatWhisperer,PLAYER_ATTACK,m0001,65,a0002,45,20
1716410327832234,E0001,lexi.CatWhisperer,ENEMY_ATTACK,s0002,80,p0001,29,51
1716410327832234,E0001,lexi.CatWhisperer,PLAYER_ATTACK,m0001,65,a0002,44,21
1716410327832234,E0201,lexi.CatWhisperer,PLAYER_ATTACK,m0003,110,a0002,41,69
1716410327832234,E0301,lexi.CatWhisperer,PLAYER_ATTACK,m0003,121,a0002,49,72
1716410327832234,E0301,lexi.CatWhisperer,ENEMY_ATTACK,s0002,84,p0001,20,64
1716410327832234,E0301,lexi.CatWhisperer,PLAYER_ATTACK,m0003,111,a0002,44,67
1716410327832234,E0101,lexi.CatWhisperer,PLAYER_ATTACK,m0003,118,a0001,24,94
1716410327832234,E0202,lexi.CatWhisperer,PLAYER_ATTACK,m0002,65,a0003,69,0
1716410327832234,E0202,lexi.CatWhisperer,ENEMY_ATTACK,m0003,105,p0001,28,77
1716410327832234,E0202,lexi.CatWhisperer,PLAYER_ATTACK,m0002,85,a0003,74,11
1716410327832234,E0202,lexi.CatWhisperer,ENEMY_ATTACK,m0003,102,p0001,20,82
1716410327832234,E0202,lexi.CatWhisperer,PLAYER_ATTACK,m0002,83,a0003,79,4
1716410327832234,E0202,lexi.CatWhisperer,ENEMY_ATTACK,m0003,110,p0001,30,80
1716410327832234,E0202,lexi.CatWhisperer,PLAYER_ATTACK,m0002,85,a0003,74,11
1716410327832234,E0202,lexi.CatWhisperer,ENEMY_ATTACK,m0003,100,p0001,26,74
1716410327832234,E0202,lexi.CatWhisperer,PLAYER_ATTACK,m0002,74,a0003,61,13
1716410327832234,E0002,lexi.CatWhisperer,PLAYER_ATTACK,m0001,70,a0004,48,22
1716410327832234,E0002,lexi.CatWhisperer,ENEMY_ATTACK,s0006,78,p0004,80,0
1716410327832234,E0002,lexi.CatWhisperer,PLAYER_ATTACK,m0001,69,a0004,43,26
1716410327832234,E0002,lexi.CatWhisperer,ENEMY_ATTACK,s0006,78,p0004,89,0
1716410327832234,E0002,lexi.CatWhisperer,PLAYER_ATTACK,m0001,54,a0004,45,9
1716410327832234,E0002,lexi.CatWhisperer,ENEMY_ATTACK,s0006,74,p0004,90,0
1716410327832234,E0002,lexi.CatWhisperer,PLAYER_ATTACK,m0001,69,a0004,44,25
1716410327832234,E0002,lexi.CatWhisperer,ENEMY_ATTACK,s0006,77,p0004,87,0
1716410327832234,E0002,lexi.CatWhisperer,PLAYER_ATTACK,m0001,51,a0004,41,10
1716410327832234,E0002,lexi.CatWhisperer,ENEMY_ATTACK,s0006,74,p0004,81,0
1716410327832234,E0002,lexi.CatWhisperer,PLAYER_ATTACK,m0001,51,a0004,41,10
1716410327832234,E0102,lexi.CatWhisperer,PLAYER_ATTACK,m0003,116,d0002,0,116
1717531202647196,E0001,alice.AliceMage,PLAYER_ATTACK,m0001,62,a0002,49,13
1717531202647196,E0001,alice.AliceMage,ENEMY_ATTACK,s0002,60,p0001,26,34
1717531202647196,E0001,alice.AliceMage,PLAYER_ATTACK,m0001,56,a0002,42,14
1717531202647196,E0001,alice.AliceMage,ENEMY_ATTACK,s0002,80,p0001,21,59
1717531202647196,E0001,alice.AliceMage,PLAYER_ATTACK,m0001,69,a0002,47,22
1717531202647196,E0001,alice.AliceMage,ENEMY_ATTACK,s0002,83,p0001,29,54
1717531202647196,E0001,alice.AliceMage,PLAYER_ATTACK,m0001,68,a0002,46,22
1717531202647196,E0201,alice.AliceMage,PLAYER_ATTACK,m0003,118,a0002,41,77
1717531202647196,E0101,alice.AliceMage,PLAYER_ATTACK,m0003,121,a0001,21,100
1717531202647196,E0002,alice.AliceMage,PLAYER_ATTACK,m0002,69,a0004,42,27
1717531202647196,E0002,alice.AliceMage,ENEMY_ATTACK,s0006,78,p0001,22,56
1717531202647196,E0002,alice.AliceMage,PLAYER_ATTACK,m0002,82,a0004,49,33
1717531202647196,E0002,alice.AliceMage,ENEMY_ATTACK,s0006,79,p0001,29,50
1717531202647196,E0002,alice.AliceMage,PLAYER_ATTACK,m0002,83,a0004,50,33
1717531202647196,E0002,alice.AliceMage,ENEMY_ATTACK,s0006,74,p0001,24,50
1717531202647196,E0002,alice.AliceMage,PLAYER_ATTACK,m0002,69,a0004,48,21
1717531202647196,E0102,alice.AliceMage,PLAYER_ATTACK,m0003,103,d0002,0,103
1717531386822885,E0001,lexi.PuppySlasher,PLAYER_ATTACK,s0001,54,a0002,47,7
1717531386822885,E0001,lexi.PuppySlasher,ENEMY_ATTACK,s0002,71,a0002,50,21
1717531386822885,E0001,lexi.PuppySlasher,PLAYER_ATTACK,s0001,51,a0002,47,4
1717531386822885,E0001,lexi.PuppySlasher,ENEMY_ATTACK,s0002,81,a0002,41,40
1717531386822885,E0001,lexi.PuppySlasher,PLAYER_ATTACK,s0001,62,a0002,40,22
1717531386822885,E0001,lexi.PuppySlasher,ENEMY_ATTACK,s0002,81,a0002,46,35
1717531386822885,E0001,lexi.PuppySlasher,PLAYER_ATTACK,s0001,51,a0002,42,9
1717531386822885,E0001,lexi.PuppySlasher,ENEMY_ATTACK,s0002,60,a0002,45,15
1717531386822885,E0001,lexi.PuppySlasher,PLAYER_ATTACK,s0001,70,a0002,49,21
1717531386822885,E0201,lexi.PuppySlasher,PLAYER_ATTACK,s0001,66,a0002,49,17
1717531386822885,E0201,lexi.PuppySlasher,ENEMY_ATTACK,m0002,62,a0001,27,35
1717531386822885,E0201,lexi.PuppySlasher,PLAYER_ATTACK,s0001,51,a0002,49,2
1717531386822885,E0201,lexi.PuppySlasher,ENEMY_ATTACK,m0002,62,a0001,24,38
1717531386822885,E0201,lexi.PuppySlasher,PLAYER_ATTACK,s0001,67,a0002,46,21
1717531386822885,E0301,lexi.PuppySlasher,PLAYER_ATTACK,s0003,88,a0002,47,41
1717531386822885,E0301,lexi.PuppySlasher,ENEMY_ATTACK,s0002,66,a0002,47,19
1717531386822885,E0301,lexi.PuppySlasher,PLAYER_ATTACK,s0003,95,a0002,42,53
1717531386822885,E0301,lexi.PuppySlasher,ENEMY_ATTACK,s0002,85,a0002,48,37
1717531386822885,E0301,lexi.PuppySlasher,PLAYER_ATTACK,s0003,79,a0002,48,31
1717531386822885,E0101,lexi.PuppySlasher,PLAYER_ATTACK,s0004,121,a0001,29,92
1717531386822885,E0202,lexi.PuppySlasher,PLAYER_ATTACK,s0003,87,a0003,65,22
1717531386822885,E0202,lexi.PuppySlasher,ENEMY_ATTACK,m0003,121,a0002,43,78
1717531386822885,E0202,lexi.PuppySlasher,PLAYER_ATTACK,s0003,75,a0003,75,0
1717531386822885,E0202,lexi.PuppySlasher,ENEMY_ATTACK,m0003,101,a0002,46,55
1717531386822885,E0202,lexi.PuppySlasher,PLAYER_ATTACK,s0003,84,a0003,79,5
1717531386822885,E0202,lexi.PuppySlasher,ENEMY_ATTACK,m0003,112,a0002,47,65
1717531386822885,E0202,lexi.PuppySlasher,PLAYER_ATTACK,s0003,81,a0003,65,16
1717531386822885,E0002,lexi.PuppySlasher,PLAYER_ATTACK,s0003,90,a0004,45,45
1717531386822885,E0002,lexi.PuppySlasher,ENEMY_ATTACK,s0006,76,a0002,49,27
1717531386822885,E0002,lexi.PuppySlasher,PLAYER_ATTACK,s0003,92,a0004,46,46
1717531386822885,E0002,lexi.PuppySlasher,ENEMY_ATTACK,s0006,76,a0002,49,27
1717531386822885,E0002,lexi.PuppySlasher,PLAYER_ATTACK,s0003,78,a0004,49,29
1717531386822885,E0102,lexi.PuppySlasher,PLAYER_ATTACK,s0003,86,d0002,0,86
1717531386822885,E0102,lexi.PuppySlasher,ENEMY_ATTACK,drain,60,a0002,46,14
1717531386822885,E0102,lexi.PuppySlasher,PLAYER_ATTACK,s0003,78,d0002,0,78
1717531730236044,E0001,fttg.FernWiz,PLAYER_ATTACK,m0001,69,a0002,42,27
1717531730236044,E0001,fttg.FernWiz,ENEMY_ATTACK,s0002,81,p0001,25,56
1717531730236044,E0001,fttg.FernWiz,PLAYER_ATTACK,m0001,73,a0002,45,28
1717531730236044,E0201,fttg.FernWiz,PLAYER_ATTACK,m0003,122,a0002,49,73
1717531730236044,E0301,fttg.FernWiz,PLAYER_ATTACK,m0001,70,a0002,46,24
1717531730236044,E0301,fttg.FernWiz,ENEMY_ATTACK,s0002,61,p0001,25,36
1717531730236044,E0301,fttg.FernWiz,PLAYER_ATTACK,m0001,58,a0002,43,15
1717531730236044,E0301,fttg.FernWiz,ENEMY_ATTACK,s0002,62,p0001,23,39
1717531730236044,E0301,fttg.FernWiz,PLAYER_ATTACK,m0001,67,a0002,48,19
1717531730236044,E0301,fttg.FernWiz,ENEMY_ATTACK,s0002,73,p0001,26,47
1717531730236044,E0301,fttg.FernWiz,PLAYER_ATTACK,m0001,50,a0002,47,3
1717531730236044,E0301,fttg.FernWiz,ENEMY_ATTACK,s0002,75,p0001,26,49
1717531730236044,E0301,fttg.FernWiz,PLAYER_ATTACK,m0001,60,a0002,42,18
1717531730236044,E0301,fttg.FernWiz,ENEMY_ATTACK,s0002,60,p0001,27,33
1717531730236044,E0301,fttg.FernWiz,PLAYER_ATTACK,m0001,50,a0002,40,10
1717531730236044,E0301,fttg.FernWiz,ENEMY_ATTACK,s0002,85,p0001,26,59
1717531730236044,E0301,fttg.FernWiz,PLAYER_ATTACK,m0001,75,a0002,49,26
1717531730236044,E0101,fttg.FernWiz,PLAYER_ATTACK,m0003,112,a0001,28,84
1717531730236044,E0101,fttg.FernWiz,ENEMY_ATTACK,drain,68,p0003,66,2
1717531730236044,E0101,fttg.FernWiz,PLAYER_ATTACK,m0003,119,a0001,29,90
1717531730236044,E0202,fttg.FernWiz,PLAYER_ATTACK,m0003,116,a0003,60,56
1717531730236044,E0002,fttg.FernWiz,PLAYER_ATTACK,m0003,108,a0004,44,64
1717531730236044,E0002,fttg.FernWiz,ENEMY_ATTACK,s0006,74,p0003,67,7
1717531730236044,E0002,fttg.FernWiz,PLAYER_ATTACK,m0003,103,a0004,50,53
1717531730236044,E0102,fttg.FernWiz,PLAYER_ATTACK,m0001,67,d0002,0,67
1717531730236044,E0102,fttg.FernWiz,ENEMY_ATTACK,drain,67,p0004,81,0
1717531730236044,E0102,fttg.FernWiz,PLAYER_ATTACK,m0001,65,d0002,0,65
1717781937218637,E0001,sophie.BattleFinn,PLAYER_ATTACK,s0001,64,a0002,50,14
1717781937218637,E0001,sophie.BattleFinn,ENEMY_ATTACK,s0002,78,a0002,44,34
1717781937218637,E0001,sophie.BattleFinn,PLAYER_ATTACK,s0001,66,a0002,41,25
1717781937218637,E0001,sophie.BattleFinn,ENEMY_ATTACK,s0002,67,a0002,49,18
1717781937218637,E0001,sophie.BattleFinn,PLAYER_ATTACK,s0001,53,a0002,43,10
1717781937218637,E0001,sophie.BattleFinn,ENEMY_ATTACK,s0002,72,a0002,44,28
1717781937218637,E0001,sophie.BattleFinn,PLAYER_ATTACK,s0001,75,a0002,49,26
1717781937218637,E0201,sophie.BattleFinn,PLAYER_ATTACK,s0003,85,a0002,45,40
1717781937218637,E0101,sophie.BattleFinn,PLAYER_ATTACK,s0004,124,a0001,21,103
1717781937218637,E0002,sophie.BattleFinn,PLAYER_ATTACK,s0004,120,a0004,47,73
1717781937218637,E0002,sophie.BattleFinn,ENEMY_ATTACK,s0006,79,a0002,49,30
1717781937218637,E0002,sophie.BattleFinn,PLAYER_ATTACK,s0004,124,a0004,40,84
1717781937218637,E0102,sophie.BattleFinn,PLAYER_ATTACK,s0005,142,d0002,0,142
1718377893384518,E0103,fttg.Harldan,PLAYER_ATTACK,s0001,55,a0004,49,6
1718377893384518,E0103,fttg.Harldan,ENEMY_ATTACK,s0004,122,a0001,24,98
1718377893384518,E0103,fttg.Harldan,PLAYER_ATTACK,s0001,53,a0004,46,7
1718377893384518,E0103,fttg.Harldan,ENEMY_ATTACK,s0004,104,a0001,21,83
1718377893384518,E0103,fttg.Harldan,PLAYER_ATTACK,s0001,58,a0004,48,10
1718377893384518,E0103,fttg.Harldan,ENEMY_ATTACK,s0004,125,a0001,26,99
1718377944816642,E0103,fttg.Harldan,PLAYER_ATTACK,s0001,64,a0004,64,0
1718377944816642,E0103,fttg.Harldan,ENEMY_ATTACK,s0004,2000,a0001,0,2000
1718378418581852,E0103,fttg.Harldan,PLAYER_ATTACK,s0001,50,a0004,50,0
1718378418581852,E0103,fttg.Harldan,ENEMY_ATTACK,s0004,2000,a0001,0,2000
1718378527821732,E0103,fttg.Harldan,PLAYER_ATTACK,s0001,75,a0004,75,0
1718378527821732,E0103,fttg.Harldan,ENEMY_ATTACK,s0004,2000,a0001,0,2000
1718378934817395,E0103,fttg.Harldan,PLAYER_ATTACK,s0001,70,a0004,70,0
1718378934817395,E0103,fttg.Harldan,ENEMY_ATTACK,s0004,2000,a0001,0,2000
1718379294478893,E0103,fttg.Harldan,PLAYER_ATTACK,s0001,65,a0004,65,0
1718379294478893,E0103,fttg.Harldan,ENEMY_ATTACK,s0004,2000,a0001,0,2000
1718379331603206,E0103,fttg.Harldan,PLAYER_ATTACK,s0001,71,a0004,71,0
1718379331603206,E0103,fttg.Harldan,ENEMY_ATTACK,s0004,2000,a0001,0,2000
1718379387761359,E0103,fttg.Harldan,PLAYER_ATTACK,s0001,74,a0004,47,27
1718379387761359,E0103,fttg.Harldan,ENEMY_ATTACK,s0004,101,a0001,22,79
1718379387761359,E0103,fttg.Harldan,PLAYER_ATTACK,s0001,75,a0004,46,29
1718379387761359,E0103,fttg.Harldan,ENEMY_ATTACK,s0004,105,a0001,29,76
1718379387761359,E0103,fttg.Harldan,PLAYER_ATTACK,s0001,72,a0004,47,25
1718379387761359,E0103,fttg.Harldan,ENEMY_ATTACK,s0004,106,a0001,26,80
1718379387761359,E0103,fttg.Harldan,PLAYER_ATTACK,s0001,50,a0004,43,7
1718379387761359,E0103,fttg.Harldan,ENEMY_ATTACK,s0004,101,a0001,23,78
1718379387761359,E0103,fttg.Harldan,PLAYER_ATTACK,s0001,75,a0004,48,27
1718379387761359,E0103,fttg.Harldan,ENEMY_ATTACK,s0004,100,a0001,29,71
1718379387761359,E0103,fttg.Harldan,PLAYER_ATTACK,s0001,69,a0004,44,25
1718379387761359,E0103,fttg.Harldan,ENEMY_ATTACK,s0004,118,a0001,21,97
1718379387761359,E0103,fttg.Harldan,PLAYER_ATTACK,s0001,51,a0004,49,2
1718379387761359,E0103,fttg.Harldan,ENEMY_ATTACK,s0004,113,a0001,21,92
1718379387761359,E0103,fttg.Harldan,PLAYER_ATTACK,s0001,70,a0004,42,28
1718379387761359,E0103,fttg.Harldan,ENEMY_ATTACK,s0004,114,a0001,20,94
1718379387761359,E0103,fttg.Harldan,PLAYER_ATTACK,s0001,67,a0004,45,22
1718379387761359,E0103,fttg.Harldan,ENEMY_ATTACK,s0004,109,a0001,22,87
1718379387761359,E0103,fttg.Harldan,PLAYER_ATTACK,s0001,51,a0004,44,7
1718379387761359,E0103,fttg.Harldan,ENEMY_ATTACK,s0004,104,a0001,30,74
1718379387761359,E0103,fttg.Harldan,PLAYER_ATTACK,s0001,56,a0004,50,6
1718380355073452,E0001,fttg.Harldan,PLAYER_ATTACK,s0001,55,a0002,45,10
1718380355073452,E0001,fttg.Harldan,ENEMY_ATTACK,s0002,75,a0002,48,27
1718380355073452,E0001,fttg.Harldan,PLAYER_ATTACK,s0001,74,a0002,42,32
1718380355073452,E0001,fttg.Harldan,ENEMY_ATTACK,s0002,73,a0002,50,23
1718380355073452,E0001,fttg.Harldan,PLAYER_ATTACK,s0001,54,a0002,44,10
1718380355073452,E0201,fttg.Harldan,PLAYER_ATTACK,s0003,81,a0002,44,37
1725032735970532,E0001,mark.ThunderAxe,PLAYER_ATTACK,s0001,68,a0002,41,27
1725032735970532,E0001,mark.ThunderAxe,ENEMY_ATTACK,s0002,63,a0002,40,23
1725032735970532,E0001,mark.ThunderAxe,PLAYER_ATTACK,s0001,56,a0002,45,11
1725032735970532,E0001,mark.ThunderAxe,ENEMY_ATTACK,s0002,60,a0002,40,20
1725032735970532,E0001,mark.ThunderAxe,PLAYER_ATTACK,s0001,70,a0002,49,21
1725032735970532,E0201,mark.ThunderAxe,PLAYER_ATTACK,s0001,75,a0002,49,26
1725032735970532,E0201,mark.ThunderAxe,ENEMY_ATTACK,m0002,74,a0001,29,45
1725032735970532,E0201,mark.ThunderAxe,PLAYER_ATTACK,s0001,50,a0002,47,3
1725032735970532,E0201,mark.ThunderAxe,ENEMY_ATTACK,m0002,70,a0001,28,42
1725032735970532,E0201,mark.ThunderAxe,PLAYER_ATTACK,s0001,75,a0002,42,33
1725032735970532,E0103,mark.ThunderAxe,PLAYER_ATTACK,s0001,71,a0004,45,26
1725032735970532,E0103,mark.ThunderAxe,ENEMY_ATTACK,s0004,125,a0001,22,103
1725032735970532,E0103,mark.ThunderAxe,PLAYER_ATTACK,s0001,54,a0004,47,7
1725032735970532,E0103,mark.ThunderAxe,ENEMY_ATTACK,s0004,115,a0001,30,85
1725032735970532,E0103,mark.ThunderAxe,PLAYER_ATTACK,s0001,60,a0004,50,10
1725032735970532,E0103,mark.ThunderAxe,ENEMY_ATTACK,s0004,119,a0001,21,98
1725032735970532,E0103,mark.ThunderAxe,PLAYER_ATTACK,s0001,75,a0004,47,28
1725032735970532,E0103,mark.ThunderAxe,ENEMY_ATTACK,s0004,102,a0001,25,77
1725032735970532,E0103,mark.ThunderAxe,PLAYER_ATTACK,s0001,51,a0004,45,6
1725032735970532,E0103,mark.ThunderAxe,ENEMY_ATTACK,s0004,112,a0001,27,85
1725032735970532,E0103,mark.ThunderAxe,PLAYER_ATTACK,s0001,67,a0004,40,27
1725032735970532,E0103,mark.ThunderAxe,ENEMY_ATTACK,s0004,119,a0001,25,94
1725032735970532,E0103,mark.ThunderAxe,PLAYER_ATTACK,s0001,57,a0004,44,13
1725032735970532,E0103,mark.ThunderAxe,ENEMY_ATTACK,s0004,120,a0001,25,95
1725032735970532,E0103,mark.ThunderAxe,PLAYER_ATTACK,s0001,71,a0004,45,26
1725032735970532,E0103,mark.ThunderAxe,ENEMY_ATTACK,s0004,107,a0001,22,85
1725032735970532,E0103,mark.ThunderAxe,PLAYER_ATTACK,s0001,75,a0004,45,30
1725032735970532,E0103,mark.ThunderAxe,ENEMY_ATTACK,s0004,118,a0001,23,95
1725032735970532,E0103,mark.ThunderAxe,PLAYER_ATTACK,s0001,54,a0004,42,12
1725032735970532,E0103,mark.ThunderAxe,ENEMY_ATTACK,s0004,108,a0001,27,81
1725032923501763,E0001,mark.ThunderAxe,PLAYER_ATTACK,s0001,71,a0002,43,28
1725032923501763,E0001,mark.ThunderAxe,ENEMY_ATTACK,s0002,80,a0001,27,53
1725032923501763,E0001,mark.ThunderAxe,PLAYER_ATTACK,s0001,74,a0002,45,29
1725032923501763,E0201,mark.ThunderAxe,PLAYER_ATTACK,s0001,71,a0002,49,22
1725032923501763,E0201,mark.ThunderAxe,ENEMY_ATTACK,m0002,80,a0001,28,52
1725032923501763,E0201,mark.ThunderAxe,PLAYER_ATTACK,s0001,65,a0002,45,20
1725032923501763,E0103,mark.ThunderAxe,PLAYER_ATTACK,s0003,95,a0004,42,53
1725032923501763,E0103,mark.ThunderAxe,ENEMY_ATTACK,s0004,103,a0002,47,56
1725032923501763,E0103,mark.ThunderAxe,PLAYER_ATTACK,s0003,79,a0004,42,37
1725032923501763,E0103,mark.ThunderAxe,ENEMY_ATTACK,s0004,108,a0002,48,60
1725032923501763,E0103,mark.ThunderAxe,PLAYER_ATTACK,s0003,86,a0004,49,37
1725032923501763,E0103,mark.ThunderAxe,ENEMY_ATTACK,s0004,117,a0002,50,67
1725032923501763,E0103,mark.ThunderAxe,PLAYER_ATTACK,s0003,86,a0004,50,36
1725032923501763,E0103,mark.ThunderAxe,ENEMY_ATTACK,s0004,121,a0002,44,77
1725032923501763,E0103,mark.ThunderAxe,PLAYER_ATTACK,s0003,80,a0004,44,36
1725032923501763,E0103,mark.ThunderAxe,ENEMY_ATTACK,s0004,101,a0002,48,53
1725032923501763,E0103,mark.ThunderAxe,PLAYER_ATTACK,s0003,87,a0004,41,46
1725032923501763,E0101,mark.ThunderAxe,PLAYER_ATTACK,s0003,88,a0001,30,58
1725032923501763,E0101,mark.ThunderAxe,ENEMY_ATTACK,drain,58,a0002,40,18
1725032923501763,E0101,mark.ThunderAxe,PLAYER_ATTACK,s0003,83,a0001,22,61
1725032923501763,E0202,mark.ThunderAxe,PLAYER_ATTACK,s0003,95,a0003,79,16
1725032923501763,E0202,mark.ThunderAxe,ENEMY_ATTACK,m0003,121,a0002,47,74
1725032923501763,E0202,mark.ThunderAxe,PLAYER_ATTACK,s0003,70,a0003,66,4
1725032923501763,E0202,mark.ThunderAxe,ENEMY_ATTACK,m0003,125,a0002,47,78
1725032923501763,E0202,mark.ThunderAxe,PLAYER_ATTACK,s0003,87,a0003,68,19
1725032923501763,E0002,mark.ThunderAxe,PLAYER_ATTACK,s0003,82,a0004,48,34
1725032923501763,E0002,mark.ThunderAxe,ENEMY_ATTACK,s0006,72,a0002,42,30
1725032923501763,E0002,mark.ThunderAxe,PLAYER_ATTACK,s0003,76,a0004,47,29
1725032923501763,E0002,mark.ThunderAxe,ENEMY_ATTACK,s0006,75,a0002,50,25
1725032923501763,E0002,mark.ThunderAxe,PLAYER_ATTACK,s0003,85,a0004,41,44
1725032923501763,E0102,mark.ThunderAxe,PLAYER_ATTACK,s0005,128,d0002,0,128
1725033255080341,E0001,tucker.BunnyHunter,PLAYER_ATTACK,s0001,70,a0002,41,29
1725033255080341,E0001,tucker.BunnyHunter,ENEMY_ATTACK,s0002,74,a0002,42,32
1725033255080341,E0001,tucker.BunnyHunter,PLAYER_ATTACK,s0001,65,a0002,49,16
1725033255080341,E0001,tucker.BunnyHunter,ENEMY_ATTACK,s0002,62,a0002,43,19
1725033255080341,E0001,tucker.BunnyHunter,PLAYER_ATTACK,s0001,71,a0002,43,28
1725033255080341,E0201,tucker.BunnyHunter,PLAYER_ATTACK,s0001,52,a0002,41,11
1725033255080341,E0201,tucker.BunnyHunter,ENEMY_ATTACK,m0002,67,a0001,20,47
1725033255080341,E0201,tucker.BunnyHunter,PLAYER_ATTACK,s0001,71,a0002,40,31
1725033255080341,E0301,tucker.BunnyHunter,PLAYER_ATTACK,s0003,91,a0002,50,41
1725033255080341,E0301,tucker.BunnyHunter,ENEMY_ATTACK,s0002,66,a0002,46,20
1725033255080341,E0301,tucker.BunnyHunter,PLAYER_ATTACK,s0003,91,a0002,42,49
1725033255080341,E0301,tucker.BunnyHunter,ENEMY_ATTACK,s0002,65,a0002,49,16
1725033255080341,E0301,tucker.BunnyHunter,PLAYER_ATTACK,s0003,93,a0002,48,45
1725033255080341,E0103,tucker.BunnyHunter,PLAYER_ATTACK,s0003,73,a0004,73,0
1725033255080341,E0103,tucker.BunnyHunter,ENEMY_ATTACK,s0004,2000,a0003,0,2000
1725033805951929,E0001,tucker.BunnyHunter,PLAYER_ATTACK,s0001,61,a0002,48,13
1725033805951929,E0001,tucker.BunnyHunter,ENEMY_ATTACK,s0002,73,a0002,42,31
1725033805951929,E0001,tucker.BunnyHunter,PLAYER_ATTACK,s0001,69,a0002,48,21
1725033805951929,E0001,tucker.BunnyHunter,ENEMY_ATTACK,s0002,75,a0002,48,27
1725033805951929,E0001,tucker.BunnyHunter,PLAYER_ATTACK,s0001,61,a0002,48,13
1725033805951929,E0001,tucker.BunnyHunter,ENEMY_ATTACK,s0002,80,a0002,44,36
1725033805951929,E0001,tucker.BunnyHunter,PLAYER_ATTACK,s0001,65,a0002,49,16
1725033805951929,E0201,tucker.BunnyHunter,PLAYER_ATTACK,s0001,54,a0002,42,12
1725033805951929,E0201,tucker.BunnyHunter,ENEMY_ATTACK,m0002,65,a0001,29,36
1725033805951929,E0201,tucker.BunnyHunter,PLAYER_ATTACK,s0001,56,a0002,48,8
1725033805951929,E0201,tucker.BunnyHunter,ENEMY_ATTACK,m0002,75,a0001,29,46
1725033805951929,E0201,tucker.BunnyHunter,PLAYER_ATTACK,s0001,56,a0002,40,16
1725033805951929,E0103,tucker.BunnyHunter,PLAYER_ATTACK,s0003,88,a0004,45,43
1725033805951929,E0103,tucker.BunnyHunter,ENEMY_ATTACK,s0004,119,a0002,48,71
1725033805951929,E0103,tucker.BunnyHunter,PLAYER_ATTACK,s0003,95,a0004,44,51
1725033805951929,E0103,tucker.BunnyHunter,ENEMY_ATTACK,s0004,114,a0002,47,67
1725033805951929,E0103,tucker.BunnyHunter,PLAYER_ATTACK,s0003,76,a0004,40,36
1725033805951929,E0103,tucker.BunnyHunter,ENEMY_ATTACK,s0004,117,a0002,41,76
1725033805951929,E0103,tucker.BunnyHunter,PLAYER_ATTACK,s0003,91,a0004,43,48
1725033805951929,E0103,tucker.BunnyHunter,ENEMY_ATTACK,s0004,123,a0002,46,77
1725033805951929,E0103,tucker.BunnyHunter,PLAYER_ATTACK,s0003,83,a0004,40,43
1725033805951929,E0101,tucker.BunnyHunter,PLAYER_ATTACK,s0003,95,a0001,21,74
1725033805951929,E0101,tucker.BunnyHunter,ENEMY_ATTACK,drain,53,a0002,48,5
1725033805951929,E0101,tucker.BunnyHunter,PLAYER_ATTACK,s0003,87,a0001,21,66
1725033805951929,E0202,tucker.BunnyHunter,PLAYER_ATTACK,s0004,111,a0003,67,44
1725033805951929,E0002,tucker.BunnyHunter,PLAYER_ATTACK,s0004,108,a0004,45,63
1725033805951929,E0002,tucker.BunnyHunter,ENEMY_ATTACK,s0006,78,a0002,49,29
1725033805951929,E0002,tucker.BunnyHunter,PLAYER_ATTACK,s0004,110,a0004,49,61
1725033805951929,E0102,tucker.BunnyHunter,PLAYER_ATTACK,s0006,75,d0002,0,75
1725033805951929,E0102,tucker.BunnyHunter,ENEMY_ATTACK,drain,49,a0001,30,19
1725033805951929,E0102,tucker.BunnyHunter,PLAYER_ATTACK,s0006,72,d0002,0,72
1725034205250405,E0001,toni.MightyToni,PLAYER_ATTACK,m0001,72,a0002,48,24
1725034205250405,E0001,toni.MightyToni,ENEMY_ATTACK,s0002,61,p0001,27,34
1725034205250405,E0001,toni.MightyToni,PLAYER_ATTACK,m0001,68,a0002,48,20
1725034205250405,E0001,toni.MightyToni,ENEMY_ATTACK,s0002,66,p0001,28,38
1725034205250405,E0001,toni.MightyToni,PLAYER_ATTACK,m0001,62,a0002,49,13
1725034205250405,E0201,toni.MightyToni,PLAYER_ATTACK,m0003,108,a0002,43,65
1725034205250405,E0301,toni.MightyToni,PLAYER_ATTACK,m0003,109,a0002,44,65
1725034205250405,E0301,toni.MightyToni,ENEMY_ATTACK,s0002,69,p0001,30,39
1725034205250405,E0301,toni.MightyToni,PLAYER_ATTACK,m0003,124,a0002,44,80
1725034205250405,E0103,toni.MightyToni,PLAYER_ATTACK,m0003,119,a0004,44,75
1725034205250405,E0103,toni.MightyToni,ENEMY_ATTACK,s0004,118,p0003,69,49
1725034205250405,E0103,toni.MightyToni,PLAYER_ATTACK,m0003,120,a0004,40,80
1725034205250405,E0103,toni.MightyToni,ENEMY_ATTACK,s0004,119,p0003,60,59
1725034205250405,E0103,toni.MightyToni,PLAYER_ATTACK,m0003,112,a0004,42,70
1725034205250405,E0101,toni.MightyToni,PLAYER_ATTACK,m0002,75,a0001,20,55
1725034205250405,E0101,toni.MightyToni,ENEMY_ATTACK,drain,78,p0003,65,13
1725034205250405,E0101,toni.MightyToni,PLAYER_ATTACK,m0002,60,a0001,25,35
1725034205250405,E0202,toni.MightyToni,PLAYER_ATTACK,m0002,85,a0003,72,13
1725034205250405,E0202,toni.MightyToni,ENEMY_ATTACK,m0003,124,p0003,77,47
1725034205250405,E0202,toni.MightyToni,PLAYER_ATTACK,m0002,75,a0003,64,11
1725034205250405,E0202,toni.MightyToni,ENEMY_ATTACK,m0003,114,p0003,62,52
1725034205250405,E0202,toni.MightyToni,PLAYER_ATTACK,m0002,77,a0003,77,0
1725034205250405,E0202,toni.MightyToni,ENEMY_ATTACK,m0003,122,p0003,67,55
1725034205250405,E0202,toni.MightyToni,PLAYER_ATTACK,m0002,79,a0003,72,7
1725034205250405,E0002,toni.MightyToni,PLAYER_ATTACK,m0002,68,a0004,41,27
1725034205250405,E0002,toni.MightyToni,ENEMY_ATTACK,s0006,73,p0004,86,0
1725034205250405,E0002,toni.MightyToni,PLAYER_ATTACK,m0002,66,a0004,42,24
1725034205250405,E0002,toni.MightyToni,ENEMY_ATTACK,s0006,77,p0004,84,0
1725034205250405,E0002,toni.MightyToni,PLAYER_ATTACK,m0002,84,a0004,47,37
1725034205250405,E0002,toni.MightyToni,ENEMY_ATTACK,s0006,71,p0004,86,0
1725034205250405,E0002,toni.MightyToni,PLAYER_ATTACK,m0002,67,a0004,43,24
1725034205250405,E0102,toni.MightyToni,PLAYER_ATTACK,m0002,65,d0002,0,65
1725034205250405,E0102,toni.MightyToni,ENEMY_ATTACK,drain,61,p0004,83,0
1725034205250405,E0102,toni.MightyToni,PLAYER_ATTACK,m0002,67,d0002,0,67
1725034863746428,E0001,tucker.TuckerBlue,PLAYER_ATTACK,s0001,60,a0002,44,16
1725034863746428,E0001,tucker.TuckerBlue,ENEMY_ATTACK,s0002,77,a0002,41,36
1725034863746428,E0001,tucker.TuckerBlue,PLAYER_ATTACK,s0001,67,a0002,45,22
1725034863746428,E0001,tucker.TuckerBlue,ENEMY_ATTACK,s0002,66,a0002,40,26
1725034863746428,E0001,tucker.TuckerBlue,PLAYER_ATTACK,s0001,72,a0002,42,30
1725034863746428,E0201,tucker.TuckerBlue,PLAYER_ATTACK,s0001,51,a0002,50,1
1725034863746428,E0201,tucker.TuckerBlue,ENEMY_ATTACK,m0002,70,a0002,50,20
1725034863746428,E0201,tucker.TuckerBlue,PLAYER_ATTACK,s0001,65,a0002,42,23
1725034863746428,E0201,tucker.TuckerBlue,ENEMY_ATTACK,m0002,80,a0002,42,38
1725034863746428,E0201,tucker.TuckerBlue,PLAYER_ATTACK,s0001,65,a0002,43,22
1725034863746428,E0103,tucker.TuckerBlue,PLAYER_ATTACK,s0003,82,a0004,45,37
1725034863746428,E0103,tucker.TuckerBlue,ENEMY_ATTACK,s0004,103,a0002,45,58
1725034863746428,E0103,tucker.TuckerBlue,PLAYER_ATTACK,s0003,92,a0004,48,44
1725034863746428,E0103,tucker.TuckerBlue,ENEMY_ATTACK,s0004,125,a0002,46,79
1725034863746428,E0103,tucker.TuckerBlue,PLAYER_ATTACK,s0003,87,a0004,46,41
1725034863746428,E0103,tucker.TuckerBlue,ENEMY_ATTACK,s0004,114,a0002,48,66
1725034863746428,E0103,tucker.TuckerBlue,PLAYER_ATTACK,s0003,79,a0004,42,37
1725034863746428,E0103,tucker.TuckerBlue,ENEMY_ATTACK,s0004,120,a0002,50,70
1725034863746428,E0103,tucker.TuckerBlue,PLAYER_ATTACK,s0003,75,a0004,50,25
1725034863746428,E0103,tucker.TuckerBlue,ENEMY_ATTACK,s0004,100,a0002,50,50
1725034863746428,E0103,tucker.TuckerBlue,PLAYER_ATTACK,s0003,95,a0004,48,47
1725034863746428,E0101,tucker.TuckerBlue,PLAYER_ATTACK,s0001,55,a0001,28,27
1725034863746428,E0101,tucker.TuckerBlue,ENEMY_ATTACK,drain,55,a0002,47,8
1725034863746428,E0101,tucker.TuckerBlue,PLAYER_ATTACK,s0001,73,a0001,25,48
1725034863746428,E0101,tucker.TuckerBlue,ENEMY_ATTACK,drain,54,a0002,46,8
1725034863746428,E0101,tucker.TuckerBlue,PLAYER_ATTACK,s0001,51,a0001,24,27
1725034863746428,E0002,tucker.TuckerBlue,PLAYER_ATTACK,s0003,85,a0004,47,38
1725034863746428,E0002,tucker.TuckerBlue,ENEMY_ATTACK,s0006,79,a0002,40,39
1725034863746428,E0002,tucker.TuckerBlue,PLAYER_ATTACK,s0003,77,a0004,47,30
1725034863746428,E0002,tucker.TuckerBlue,ENEMY_ATTACK,s0006,71,a0002,44,27
1725034863746428,E0002,tucker.TuckerBlue,PLAYER_ATTACK,s0003,73,a0004,45,28
1725034863746428,E0002,tucker.TuckerBlue,ENEMY_ATTACK,s0006,77,a0002,43,34
1725034863746428,E0002,tucker.TuckerBlue,PLAYER_ATTACK,s0003,71,a0004,43,28
1725034863746428,E0102,tucker.TuckerBlue,PLAYER_ATTACK,s0006,72,d0002,0,72
1725034863746428,E0102,tucker.TuckerBlue,ENEMY_ATTACK,drain,44,a0002,46,0
1725034863746428,E0102,tucker.TuckerBlue,PLAYER_ATTACK,s0006,80,d0002,0,80
1725035415482424,E0001,finn.FinnKnight,PLAYER_ATTACK,s0001,70,a0002,42,28
1725035415482424,E0001,finn.FinnKnight,ENEMY_ATTACK,s0002,79,a0002,48,31
1725035415482424,E0001,finn.FinnKnight,PLAYER_ATTACK,s0001,64,a0002,41,23
1725035415482424,E0201,finn.FinnKnight,PLAYER_ATTACK,s0003,84,a0002,42,42
1725035415482424,E0103,finn.FinnKnight,PLAYER_ATTACK,s0003,87,a0004,47,40
1725035415482424,E0103,finn.FinnKnight,ENEMY_ATTACK,s0004,103,a0002,43,60
1725035415482424,E0103,finn.FinnKnight,PLAYER_ATTACK,s0003,94,a0004,44,50
1725035415482424,E0103,finn.FinnKnight,ENEMY_ATTACK,s0004,108,a0002,45,63
1725035415482424,E0103,finn.FinnKnight,PLAYER_ATTACK,s0003,81,a0004,43,38
1725035415482424,E0103,finn.FinnKnight,ENEMY_ATTACK,s0004,125,a0002,50,75
1725035415482424,E0103,finn.FinnKnight,PLAYER_ATTACK,s0003,70,a0004,47,23
1725035415482424,E0103,finn.FinnKnight,ENEMY_ATTACK,s0004,123,a0002,43,80
1725035415482424,E0103,finn.FinnKnight,PLAYER_ATTACK,s0003,76,a0004,47,29
1725035415482424,E0103,finn.FinnKnight,ENEMY_ATTACK,s0004,110,a0002,47,63
1725035415482424,E0103,finn.FinnKnight,PLAYER_ATTACK,s0003,75,a0004,41,34
1725035415482424,E0101,finn.FinnKnight,PLAYER_ATTACK,s0003,70,a0001,27,43
1725035415482424,E0101,finn.FinnKnight,ENEMY_ATTACK,drain,62,a0002,49,13
1725035415482424,E0101,finn.FinnKnight,PLAYER_ATTACK,s0003,78,a0001,29,49
1725035415482424,E0002,finn.FinnKnight,PLAYER_ATTACK,s0003,84,a0004,45,39
1725035415482424,E0002,finn.FinnKnight,ENEMY_ATTACK,s0006,70,a0002,42,28
1725035415482424,E0002,finn.FinnKnight,PLAYER_ATTACK,s0003,95,a0004,44,51
1725035415482424,E0002,finn.FinnKnight,ENEMY_ATTACK,s0006,70,a0002,43,27
1725035415482424,E0002,finn.FinnKnight,PLAYER_ATTACK,s0003,91,a0004,46,45
1725035415482424,E0102,finn.FinnKnight,PLAYER_ATTACK,s0005,141,d0002,0,141
1725039022828332,E0001,tucker.CrazyDog,PLAYER_ATTACK,s0001,65,a0002,45,20
1725039022828332,E0001,tucker.CrazyDog,ENEMY_ATTACK,s0002,68,a0002,41,27
1725039022828332,E0001,tucker.CrazyDog,PLAYER_ATTACK,s0001,64,a0002,50,14
1725039022828332,E0001,tucker.CrazyDog,ENEMY_ATTACK,s0002,82,a0002,43,39
1725039022828332,E0001,tucker.CrazyDog,PLAYER_ATTACK,s0001,59,a0002,46,13
1725039022828332,E0001,tucker.CrazyDog,ENEMY_ATTACK,s0002,74,a0002,47,27
1725039022828332,E0001,tucker.CrazyDog,PLAYER_ATTACK,s0001,71,a0002,44,27
1725039022828332,E0201,tucker.CrazyDog,PLAYER_ATTACK,s0001,65,a0002,45,20
1725039022828332,E0201,tucker.CrazyDog,ENEMY_ATTACK,m0002,76,a0001,25,51
1725039022828332,E0201,tucker.CrazyDog,PLAYER_ATTACK,s0001,50,a0002,50,0
1725039022828332,E0201,tucker.CrazyDog,ENEMY_ATTACK,m0002,65,a0001,26,39
1725039022828332,E0201,tucker.CrazyDog,PLAYER_ATTACK,s0001,71,a0002,42,29
1725039022828332,E0301,tucker.CrazyDog,PLAYER_ATTACK,s0003,78,a0002,45,33
1725039022828332,E0301,tucker.CrazyDog,ENEMY_ATTACK,s0002,82,a0002,44,38
1725039022828332,E0301,tucker.CrazyDog,PLAYER_ATTACK,s0003,88,a0002,43,45
1725039022828332,E0301,tucker.CrazyDog,ENEMY_ATTACK,s0002,70,a0002,48,22
1725039022828332,E0301,tucker.CrazyDog,PLAYER_ATTACK,s0003,72,a0002,47,25
1725039022828332,E0103,tucker.CrazyDog,PLAYER_ATTACK,s0003,75,a0004,48,27
1725039022828332,E0103,tucker.CrazyDog,ENEMY_ATTACK,s0004,112,a0003,65,47
1725039022828332,E0103,tucker.CrazyDog,PLAYER_ATTACK,s0003,76,a0004,44,32
1725039022828332,E0103,tucker.CrazyDog,ENEMY_ATTACK,s0004,121,a0003,66,55
1725039022828332,E0103,tucker.CrazyDog,PLAYER_ATTACK,s0003,80,a0004,47,33
1725039022828332,E0103,tucker.CrazyDog,ENEMY_ATTACK,s0004,112,a0003,63,49
1725039022828332,E0103,tucker.CrazyDog,PLAYER_ATTACK,s0003,85,a0004,43,42
1725039022828332,E0103,tucker.CrazyDog,ENEMY_ATTACK,s0004,112,a0003,60,52
1725039022828332,E0103,tucker.CrazyDog,PLAYER_ATTACK,s0003,70,a0004,49,21
1725039022828332,E0103,tucker.CrazyDog,ENEMY_ATTACK,s0004,113,a0003,61,52
1725039022828332,E0103,tucker.CrazyDog,PLAYER_ATTACK,s0003,80,a0004,48,32
1725039022828332,E0103,tucker.CrazyDog,ENEMY_ATTACK,s0004,116,a0003,80,36
1725039022828332,E0103,tucker.CrazyDog,PLAYER_ATTACK,s0003,81,a0004,45,36
1725039022828332,E0101,tucker.CrazyDog,PLAYER_ATTACK,s0003,82,a0001,22,60
1725039022828332,E0101,tucker.CrazyDog,ENEMY_ATTACK,drain,46,a0002,44,2
1725039022828332,E0101,tucker.CrazyDog,PLAYER_ATTACK,s0003,89,a0001,22,67
1725039022828332,E0202,tucker.CrazyDog,PLAYER_ATTACK,s0004,107,a0003,70,37
1725039022828332,E0002,tucker.CrazyDog,PLAYER_ATTACK,s0004,120,a0004,41,79
1725039022828332,E0002,tucker.CrazyDog,ENEMY_ATTACK,s0006,71,a0003,74,0
1725039022828332,E0002,tucker.CrazyDog,PLAYER_ATTACK,s0004,117,a0004,47,70
1725039022828332,E0102,tucker.CrazyDog,PLAYER_ATTACK,s0006,80,d0002,0,80
1725039022828332,E0102,tucker.CrazyDog,ENEMY_ATTACK,drain,46,a0002,48,0
1725039022828332,E0102,tucker.CrazyDog,PLAYER_ATTACK,s0006,71,d0002,0,71
1725054045747797,E0001,sophie.QueenLexi,PLAYER_ATTACK,m0001,75,a0002,50,25
1725054045747797,E0001,sophie.QueenLexi,ENEMY_ATTACK,s0002,82,p0001,22,60
1725054045747797,E0001,sophie.QueenLexi,PLAYER_ATTACK,m0001,74,a0002,50,24
1725054045747797,E0001,sophie.QueenLexi,ENEMY_ATTACK,s0002,74,p0001,23,51
1725054045747797,E0001,sophie.QueenLexi,PLAYER_ATTACK,m0001,69,a0002,50,19
1725054045747797,E0201,sophie.QueenLexi,PLAYER_ATTACK,m0003,106,a0002,47,59
1725054045747797,E0103,sophie.QueenLexi,PLAYER_ATTACK,m0003,101,a0004,46,55
1725054045747797,E0103,sophie.QueenLexi,ENEMY_ATTACK,s0004,101,p0001,25,76
1725054045747797,E0103,sophie.QueenLexi,PLAYER_ATTACK,m0003,120,a0004,47,73
1725054045747797,E0103,sophie.QueenLexi,ENEMY_ATTACK,s0004,123,p0001,26,97
1725054045747797,E0103,sophie.QueenLexi,PLAYER_ATTACK,m0003,112,a0004,48,64
1725054045747797,E0103,sophie.QueenLexi,ENEMY_ATTACK,s0004,125,p0001,27,98
1725054045747797,E0103,sophie.QueenLexi,PLAYER_ATTACK,m0003,110,a0004,40,70
1725054045747797,E0101,sophie.QueenLexi,PLAYER_ATTACK,m0002,63,a0001,26,37
1725054045747797,E0101,sophie.QueenLexi,ENEMY_ATTACK,drain,61,p0001,21,40
1725054045747797,E0101,sophie.QueenLexi,PLAYER_ATTACK,m0002,83,a0001,30,53
1725054045747797,E0202,sophie.QueenLexi,PLAYER_ATTACK,m0002,64,a0003,68,0
1725054045747797,E0202,sophie.QueenLexi,ENEMY_ATTACK,m0003,124,p0001,20,104
1725054045747797,E0202,sophie.QueenLexi,PLAYER_ATTACK,m0002,65,a0003,76,0
1725054045747797,E0202,sophie.QueenLexi,ENEMY_ATTACK,m0003,123,p0001,23,100
1725054045747797,E0202,sophie.QueenLexi,PLAYER_ATTACK,m0002,79,a0003,69,10
1725054045747797,E0202,sophie.QueenLexi,ENEMY_ATTACK,m0003,113,p0001,26,87
1725054045747797,E0202,sophie.QueenLexi,PLAYER_ATTACK,m0002,65,a0003,80,0
1725054045747797,E0202,sophie.QueenLexi,ENEMY_ATTACK,m0003,119,p0001,20,99
1725054045747797,E0202,sophie.QueenLexi,PLAYER_ATTACK,m0002,70,a0003,65,5
1725054045747797,E0202,sophie.QueenLexi,ENEMY_ATTACK,m0003,110,p0001,23,87
1725054045747797,E0202,sophie.QueenLexi,PLAYER_ATTACK,m0002,60,a0003,79,0
1725054045747797,E0202,sophie.QueenLexi,ENEMY_ATTACK,m0003,118,p0001,29,89
1725054045747797,E0202,sophie.QueenLexi,PLAYER_ATTACK,m0002,84,a0003,73,11
1725054045747797,E0202,sophie.QueenLexi,ENEMY_ATTACK,m0003,100,p0001,22,78
1725054452143251,E0001,sophie.QueenLexi,PLAYER_ATTACK,m0001,51,a0002,50,1
1725054452143251,E0001,sophie.QueenLexi,ENEMY_ATTACK,s0002,85,p0001,27,58
1725054452143251,E0001,sophie.QueenLexi,PLAYER_ATTACK,m0001,63,a0002,42,21
1725054452143251,E0001,sophie.QueenLexi,ENEMY_ATTACK,s0002,62,p0001,28,34
1725054452143251,E0001,sophie.QueenLexi,PLAYER_ATTACK,m0001,53,a0002,40,13
1725054452143251,E0001,sophie.QueenLexi,ENEMY_ATTACK,s0002,69,p0001,25,44
1725054452143251,E0001,sophie.QueenLexi,PLAYER_ATTACK,m0001,60,a0002,50,10
1725054452143251,E0001,sophie.QueenLexi,ENEMY_ATTACK,s0002,70,p0001,20,50
1725054452143251,E0001,sophie.QueenLexi,PLAYER_ATTACK,m0001,73,a0002,46,27
1725054452143251,E0201,sophie.QueenLexi,PLAYER_ATTACK,m0003,119,a0002,44,75
1725054452143251,E0301,sophie.QueenLexi,PLAYER_ATTACK,m0003,107,a0002,43,64
1725054452143251,E0301,sophie.QueenLexi,ENEMY_ATTACK,s0002,69,p0001,25,44
1725054452143251,E0301,sophie.QueenLexi,PLAYER_ATTACK,m0003,125,a0002,44,81
1725054452143251,E0103,sophie.QueenLexi,PLAYER_ATTACK,m0001,74,a0004,49,25
1725054452143251,E0103,sophie.QueenLexi,ENEMY_ATTACK,s0004,121,p0003,66,55
1725054452143251,E0103,sophie.QueenLexi,PLAYER_ATTACK,m0001,68,a0004,41,27
1725054452143251,E0103,sophie.QueenLexi,ENEMY_ATTACK,s0004,105,p0003,79,26
1725054452143251,E0103,sophie.QueenLexi,PLAYER_ATTACK,m0001,54,a0004,41,13
1725054452143251,E0103,sophie.QueenLexi,ENEMY_ATTACK,s0004,111,p0003,72,39
1725054452143251,E0103,sophie.QueenLexi,PLAYER_ATTACK,m0001,58,a0004,42,16
1725054452143251,E0103,sophie.QueenLexi,ENEMY_ATTACK,s0004,103,p0003,70,33
1725054452143251,E0103,sophie.QueenLexi,PLAYER_ATTACK,m0001,59,a0004,42,17
1725054452143251,E0103,sophie.QueenLexi,ENEMY_ATTACK,s0004,106,p0003,73,33
1725054452143251,E0103,sophie.QueenLexi,PLAYER_ATTACK,m0001,52,a0004,47,5
1725054452143251,E0103,sophie.QueenLexi,ENEMY_ATTACK,s0004,112,p0003,68,44
1725054452143251,E0103,sophie.QueenLexi,PLAYER_ATTACK,m0001,65,a0004,47,18
1725054452143251,E0103,sophie.QueenLexi,ENEMY_ATTACK,s0004,112,p0003,60,52
1725054452143251,E0103,sophie.QueenLexi,PLAYER_ATTACK,m0001,55,a0004,50,5
1725054452143251,E0103,sophie.QueenLexi,ENEMY_ATTACK,s0004,118,p0003,73,45
1725054452143251,E0103,sophie.QueenLexi,PLAYER_ATTACK,m0001,70,a0004,49,21
1725054452143251,E0103,sophie.QueenLexi,ENEMY_ATTACK,s0004,118,p0003,80,38
1725054452143251,E0103,sophie.QueenLexi,PLAYER_ATTACK,m0001,69,a0004,44,25
1725054452143251,E0103,sophie.QueenLexi,ENEMY_ATTACK,s0004,116,p0003,77,39
1725054452143251,E0103,sophie.QueenLexi,PLAYER_ATTACK,m0001,58,a0004,40,18
1725054452143251,E0103,sophie.QueenLexi,ENEMY_ATTACK,s0004,111,p0003,79,32
1725054452143251,E0103,sophie.QueenLexi,PLAYER_ATTACK,m0001,71,a0004,44,27
1725054452143251,E0101,sophie.QueenLexi,PLAYER_ATTACK,m0003,110,a0001,21,89
1725054452143251,E0101,sophie.QueenLexi,ENEMY_ATTACK,drain,43,p0003,64,0
1725054452143251,E0101,sophie.QueenLexi,PLAYER_ATTACK,m0003,111,a0001,30,81
1725054452143251,E0202,sophie.QueenLexi,PLAYER_ATTACK,m0002,83,a0003,75,8
1725054452143251,E0202,sophie.QueenLexi,ENEMY_ATTACK,m0003,117,p0003,71,46
1725054452143251,E0202,sophie.QueenLexi,PLAYER_ATTACK,m0002,84,a0003,71,13
1725054452143251,E0202,sophie.QueenLexi,ENEMY_ATTACK,m0003,120,p0003,60,60
1725054452143251,E0202,sophie.QueenLexi,PLAYER_ATTACK,m0002,61,a0003,65,0
1725054452143251,E0202,sophie.QueenLexi,ENEMY_ATTACK,m0003,103,p0003,75,28
1725054452143251,E0202,sophie.QueenLexi,PLAYER_ATTACK,m0002,72,a0003,64,8
1725054452143251,E0202,sophie.QueenLexi,ENEMY_ATTACK,m0003,108,p0003,71,37
1725054452143251,E0202,sophie.QueenLexi,PLAYER_ATTACK,m0002,65,a0003,72,0
1725054452143251,E0202,sophie.QueenLexi,ENEMY_ATTACK,m0003,112,p0003,62,50
1725054452143251,E0202,sophie.QueenLexi,PLAYER_ATTACK,m0002,81,a0003,69,12
1725054452143251,E0002,sophie.QueenLexi,PLAYER_ATTACK,m0002,82,a0004,47,35
1725054452143251,E0002,sophie.QueenLexi,ENEMY_ATTACK,s0006,80,p0004,87,0
1725054452143251,E0002,sophie.QueenLexi,PLAYER_ATTACK,m0002,71,a0004,49,22
1725054452143251,E0002,sophie.QueenLexi,ENEMY_ATTACK,s0006,76,p0004,88,0
1725054452143251,E0002,sophie.QueenLexi,PLAYER_ATTACK,m0002,84,a0004,40,44
1725054452143251,E0102,sophie.QueenLexi,PLAYER_ATTACK,m0002,71,d0002,0,71
1725054452143251,E0102,sophie.QueenLexi,ENEMY_ATTACK,drain,21,p0004,88,0
1725054452143251,E0102,sophie.QueenLexi,PLAYER_ATTACK,m0002,72,d0002,0,72
1725055094716502,E0001,finn.FinnMerlin,PLAYER_ATTACK,m0001,55,a0002,45,10
1725055094716502,E0001,finn.FinnMerlin,ENEMY_ATTACK,s0002,68,p0001,27,41
1725055094716502,E0001,finn.FinnMerlin,PLAYER_ATTACK,m0001,58,a0002,40,18
1725055094716502,E0001,finn.FinnMerlin,ENEMY_ATTACK,s0002,83,p0001,30,53
1725055094716502,E0001,finn.FinnMerlin,PLAYER_ATTACK,m0001,56,a0002,45,11
1725055094716502,E0001,finn.FinnMerlin,ENEMY_ATTACK,s0002,67,p0001,24,43
1725055094716502,E0001,finn.FinnMerlin,PLAYER_ATTACK,m0001,70,a0002,46,24
1725055094716502,E0201,finn.FinnMerlin,PLAYER_ATTACK,m0001,54,a0002,42,12
1725055094716502,E0201,finn.FinnMerlin,ENEMY_ATTACK,m0002,61,p0001,29,32
1725055094716502,E0201,finn.FinnMerlin,PLAYER_ATTACK,m0001,54,a0002,41,13
1725055094716502,E0201,finn.FinnMerlin,ENEMY_ATTACK,m0002,72,p0001,27,45
1725055094716502,E0201,finn.FinnMerlin,PLAYER_ATTACK,m0001,68,a0002,40,28
1725055094716502,E0301,finn.FinnMerlin,PLAYER_ATTACK,m0003,119,a0002,41,78
1725055094716502,E0301,finn.FinnMerlin,ENEMY_ATTACK,s0002,64,p0001,29,35
1725055094716502,E0301,finn.FinnMerlin,PLAYER_ATTACK,m0003,118,a0002,44,74
1725055094716502,E0103,finn.FinnMerlin,PLAYER_ATTACK,m0003,120,a0004,50,70
1725055094716502,E0103,finn.FinnMerlin,ENEMY_ATTACK,s0004,122,p0003,80,42
1725055094716502,E0103,finn.FinnMerlin,PLAYER_ATTACK,m0003,105,a0004,46,59
1725055094716502,E0103,finn.FinnMerlin,ENEMY_ATTACK,s0004,109,p0003,64,45
1725055094716502,E0103,finn.FinnMerlin,PLAYER_ATTACK,m0003,113,a0004,46,67
1725055094716502,E0103,finn.FinnMerlin,ENEMY_ATTACK,s0004,114,p0003,75,39
1725055094716502,E0103,finn.FinnMerlin,PLAYER_ATTACK,m0003,108,a0004,46,62
1725055094716502,E0101,finn.FinnMerlin,PLAYER_ATTACK,m0003,118,a0001,22,96
1725055094716502,E0202,finn.FinnMerlin,PLAYER_ATTACK,m0003,103,a0003,76,27
1725055094716502,E0202,finn.FinnMerlin,ENEMY_ATTACK,m0003,101,p0003,65,36
1725055094716502,E0202,finn.FinnMerlin,PLAYER_ATTACK,m0003,114,a0003,70,44
1725055094716502,E0002,finn.FinnMerlin,PLAYER_ATTACK,m0002,69,a0004,41,28
1725055094716502,E0002,finn.FinnMerlin,ENEMY_ATTACK,s0006,80,p0004,80,0
1725055094716502,E0002,finn.FinnMerlin,PLAYER_ATTACK,m0002,71,a0004,42,29
1725055094716502,E0002,finn.FinnMerlin,ENEMY_ATTACK,s0006,76,p0004,81,0
1725055094716502,E0002,finn.FinnMerlin,PLAYER_ATTACK,m0002,63,a0004,41,22
1725055094716502,E0002,finn.FinnMerlin,ENEMY_ATTACK,s0006,77,p0004,86,0
1725055094716502,E0002,finn.FinnMerlin,PLAYER_ATTACK,m0002,83,a0004,47,36
1725055094716502,E0102,finn.FinnMerlin,PLAYER_ATTACK,m0003,114,d0002,0,114
