{
    "s0001": {
        "id": "s0001",
        "name": "Wooden sword",
        "description": "a rough wooden sword",
        "type": 100,
        "min_power": 50,
        "max_power": 75
    },
    "s0002": {
        "id": "s0002",
        "name": "Tin sword",
        "description": "a rusty tin sword",
        "type": 100,
        "min_power": 60,
        "max_power": 85
    },
    "s0003": {
        "id": "s0003",
        "name": "Plain iron sword",
        "description": "a simple iron sword",
        "type": 100,
        "min_power": 70,
        "max_power": 95
    },
    "s0004": {
        "id": "s0004",
        "name": "Finn's mighty sword",
        "description": "a long metal sword. The blade is inscribed with \"Finn's mihty sword\"",
        "type": 100,
        "min_power": 100,
        "max_power": 125
    },
    "s0005": {
        "id": "s0005",
        "name": "Mir's obsidian sword",
        "description": "a sharp sword crafted from gleaming obsidian. The blade is inscribed with \"Mir's volcanic glass sword\" \nand it will cut your enemies in half",
        "type": 100,
        "min_power": 125,
        "max_power": 150
    },
    "s0006": {
        "id": "s0006",
        "name": "Red Stilleto",
        "description": "an stilleto with an ornate red handle",
        "type": 100,
        "min_power": 70,
        "max_power": 80
    },
    "a0001": {
        "id": "a0001",
        "name": "Flimsy cloak",
        "description": "a flimsy looking cotton cloak",
        "type": 200,
        "min_power": 20,
        "max_power": 30
    },
    "a0002": {
        "id": "a0002",
        "name": "Tin armor",
        "description": "a rusty tin armor",
        "type": 200,
        "min_power": 40,
        "max_power": 50
    },
    "a0003": {
        "id": "a0003",
        "name": "Plate armor",
        "description": "a strong plate armor",
        "type": 200,
        "min_power": 60,
        "max_power": 80
    },
    "a0004": {
        "id": "a0004",
        "name": "Red shield",
        "description": "a red shield",
        "type": 200,
        "min_power": 40,
        "max_power": 50
    },
    "t0001": {
        "id": "t0001",
        "name": "Copper coin",
        "description": "a single copper coin",
        "type": 1,
        "value": 1
    },
    "t0002": {
        "id": "t0002",
        "name": "Jade statue",
        "description": "a jade statue of an elephant",
        "type": 1,
        "value": 400
    },
    "t0003": {
        "id": "t0003",
        "name": "Silver necklace",
        "description": "a silver necklace",
        "type": 1,
        "value": 300
    },
    "t0004": {
        "id": "t0004",
        "name": "Ruby ring",
        "description": "an ornate ring with crushed rubies",
        "type": 1,
        "value": 800
    },
    "t0005": {
        "id": "t0005",
        "name": "Scarab broach",
        "description": "a beautiful broach in the shape of a scarab",
        "type": 1,
        "value": 900
    },
    "h0001": {
        "id": "h0001",
        "name": "Minor healing potion",
        "description": "a bottle labeled \"Healing Potion - Power 50\"",
        "type": 400,
        "power": 50,
        "reusable": false
    },
    "h0002": {
        "id": "h0002",
        "name": "Medium healing potion",
        "description": "a bottle labeled \"Healing Potion - Power 100\"",
        "type": 400,
        "power": 100,
        "reusable": false
    },
    "h0003": {
        "id": "h0003",
        "name": "Major healing potion",
        "description": "a bottle labeled \"Healing Potion - Power 200\"",
        "type": 400,
        "power": 200,
        "reusable": false
    },
    "h0004": {
        "id": "h0004",
        "name": "Holy Water of Power",
        "description": "a sacred potion that grants immense power",
        "type": 401,
        "power": 150,
        "reusable": false
    },
    "k0001": {
        "id": "k0001",
        "name": "Gate key #1",
        "description": "a silver key",
        "type": 300,
        "gate_id": "g0003"
    },
    "k0002": {
        "id": "k0002",
        "name": "Gate key #2",
        "description": "a copper key",
        "type": 300,
        "gate_id": "g0002"
    },
    "m0001": {
        "id": "m0001",
        "name": "Water spell",
        "description": "a scroll to teach wizards to shoot a stream of water vapor",
        "type": 101,
        "min_power": 50,
        "max_power": 75
    },
    "m0002": {
        "id": "m0002",
        "name": "Thunder clap",
        "description": "a scroll to teach wizards to make a stunning loud sound",
        "type": 101,
        "min_power": 60,
        "max_power": 85
    },
    "m0003": {
        "id": "m0003",
        "name": "Fire spell",
        "description": "a scroll to teach wizards to launch a stream of fire flames",
        "type": 101,
        "min_power": 100,
        "max_power": 125
    },
    "p0001": {
        "id": "p0001",
        "name": "Puff of air",
        "description": "a scroll to teach wizards to emits a defensive puff of air",
        "type": 201,
        "min_power": 20,
        "max_power": 30
    },
    "p0002": {
        "id": "p0002",
        "name": "Shield of power",
        "description": "a scroll to teach wizards to create an invisible shield",
        "type": 201,
        "min_power": 50,
        "max_power": 60
    },
    "p0003": {
        "id": "p0003",
        "name": "Energy Shield",
        "description": "a scroll to teach wizards to create an energy shield",
        "type": 201,
        "min_power": 60,
        "max_power": 80
    },
    "p0004": {
        "id": "p0004",
        "name": "Dark magic shield",
        "description": "a scroll to teach wizards to create a dark magic shield",
        "type": 201,
        "min_power": 80,
        "max_power": 90
    },
    "d0001": {
        "id": "d0001",
        "name": "own hands",
        "description": "your own hands",
        "type": 1000,
        "min_power": 5,
        "max_power": 6
    },
    "d0002": {
        "id": "d0002",
        "name": "only your health",
        "description": "only your health",
        "type": 1001,
        "min_power": 0,
        "max_power": 0
    }
}