{
    "fttg.FernBeast": {
        "id": "fttg.FernBeast",
        "name": "FernBeast",
        "pronoun": "he",
        "type": 1,
        "status": null,
        "description": null,
        "level": 1,
        "max_health": 1000,
        "health": null,
        "attack_item": null,
        "defense_item": null,
        "inventory": null,
        "sword": null
    },
    "tucker.TuckerBlue": {
        "id": "tucker.TuckerBlue",
        "name": "TuckerBlue",
        "pronoun": "he",
        "type": 1,
        "status": null,
        "description": null,
        "level": 1,
        "max_health": 1000,
        "health": null,
        "attack_item": null,
        "defense_item": null,
        "inventory": null,
        "sword": null
    },
    "tucker.CrazyDog": {
        "id": "tucker.CrazyDog",
        "name": "CrazyDog",
        "pronoun": "he",
        "type": 1,
        "status": null,
        "description": null,
        "level": 1,
        "max_health": 1000,
        "health": null,
        "attack_item": null,
        "defense_item": null,
        "inventory": null,
        "sword": null
    },
    "finn.FinnKnight": {
        "id": "finn.FinnKnight",
        "name": "FinnKnight",
        "pronoun": "he",
        "status": null,
        "description": null,
        "type": 1,
        "inventory": null,
        "level": 1,
        "max_health": 1000,
        "health": null,
        "attack_item": null,
        "defense_item": null,
        "sword": null
    },
    "fttg.FernWiz": {
        "id": "fttg.FernWiz",
        "name": "FernWiz",
        "pronoun": "he",
        "type": 2,
        "status": null,
        "description": null,
        "level": 1,
        "max_health": 1000,
        "health": null,
        "attack_item": null,
        "defense_item": null,
        "inventory": null
    },
    "finn.FinnWizard": {
        "id": "finn.FinnWizard",
        "name": "FinnWizard",
        "pronoun": "he",
        "status": null,
        "description": null,
        "type": 2,
        "inventory": [],
        "level": 1,
        "max_health": 1000,
        "attack_item": null,
        "defense_item": null,
        "health": 1000
    },
    "lexi.LexiMage": {
        "id": "lexi.LexiMage",
        "name": "LexiMage",
        "pronoun": "she",
        "status": null,
        "description": null,
        "level": 1,
        "max_health": 1000,
        "attack_item": null,
        "defense_item": null,
        "health": 1000,
        "type": 2,
        "inventory": []
    },
    "luke.LukeKnight": {
        "id": "luke.LukeKnight",
        "name": "LukeKnight",
        "pronoun": "he",
        "status": null,
        "description": null,
        "level": 1,
        "max_health": 1000,
        "attack_item": null,
        "defense_item": null,
        "health": 1000,
        "type": 1,
        "inventory": [],
        "sword": null
    },
    "thebex.Bex": {
        "id": "thebex.Bex",
        "name": "Bex",
        "status": null,
        "description": null,
        "pronoun": "she",
        "level": 1,
        "max_health": 1000,
        "attack_item": null,
        "defense_item": null,
        "health": 1000,
        "type": 2,
        "inventory": []
    },
    "fttg.Harldan": {
        "id": "fttg.Harldan",
        "name": "Harldan",
        "status": null,
        "description": null,
        "pronoun": "he",
        "level": 1,
        "max_health": 1000,
        "attack_item": null,
        "defense_item": null,
        "health": 1000,
        "type": 1,
        "inventory": [],
        "sword": null
    },
    "sophie.QueenLexi": {
        "id": "sophie.QueenLexi",
        "name": "QueenLexi",
        "status": null,
        "description": null,
        "pronoun": "she",
        "level": 1,
        "max_health": 1000,
        "attack_item": null,
        "defense_item": null,
        "health": 1000,
        "type": 2,
        "inventory": []
    },
    "sophie.BattleFinn": {
        "id": "sophie.BattleFinn",
        "name": "BattleFinn",
        "status": null,
        "description": null,
        "pronoun": "he",
        "level": 1,
        "max_health": 1000,
        "attack_item": null,
        "defense_item": null,
        "health": 1000,
        "type": 1,
        "inventory": [],
        "sword": null
    },
    "toni.Indy": {
        "id": "toni.Indy",
        "name": "Indy",
        "status": null,
        "description": null,
        "pronoun": "he",
        "level": 1,
        "max_health": 1000,
        "attack_item": null,
        "defense_item": null,
        "health": 1000,
        "type": 1,
        "inventory": [],
        "sword": null
    },
    "mark.Raccoon": {
        "id": "mark.Raccoon",
        "name": "Raccoon",
        "status": null,
        "description": null,
        "pronoun": "he",
        "level": 1,
        "max_health": 1000,
        "attack_item": null,
        "defense_item": null,
        "health": 1000,
        "type": 2,
        "inventory": []
    },
    "fttg.LexiWarrior": {
        "id": "fttg.LexiWarrior",
        "name": "LexiWarrior",
        "status": null,
        "description": null,
        "pronoun": "she",
        "level": 1,
        "max_health": 1000,
        "attack_item": null,
        "defense_item": null,
        "health": 1000,
        "type": 1,
        "inventory": [],
        "sword": null
    },
    "tucker.BunnyHunter": {
        "id": "tucker.BunnyHunter",
        "name": "BunnyHunter",
        "status": null,
        "description": null,
        "pronoun": "she",
        "level": 1,
        "max_health": 1000,
        "attack_item": null,
        "defense_item": null,
        "health": 1000,
        "type": 1,
        "inventory": [],
        "sword": null
    },
    "tucker.TuckerMage": {
        "id": "tucker.TuckerMage",
        "name": "TuckerMage",
        "status": null,
        "description": null,
        "pronoun": "he",
        "level": 1,
        "max_health": 1000,
        "attack_item": null,
        "defense_item": null,
        "health": 1000,
        "type": 2,
        "inventory": []
    },
    "tucker.TuckerWiz": {
        "id": "tucker.TuckerWiz",
        "name": "TuckerWiz",
        "status": null,
        "description": null,
        "pronoun": "she",
        "level": 1,
        "max_health": 1000,
        "attack_item": null,
        "defense_item": null,
        "health": 1000,
        "type": 2,
        "inventory": []
    },
    "alice.AliceKnight": {
        "id": "alice.AliceKnight",
        "name": "AliceKnight",
        "status": null,
        "description": null,
        "pronoun": "she",
        "level": 1,
        "max_health": 1000,
        "attack_item": null,
        "defense_item": null,
        "health": 1000,
        "type": 1,
        "inventory": [],
        "sword": null
    },
    "lexi.PuppySlasher": {
        "id": "lexi.PuppySlasher",
        "name": "PuppySlasher",
        "status": null,
        "description": null,
        "pronoun": "she",
        "level": 1,
        "max_health": 1000,
        "attack_item": null,
        "defense_item": null,
        "health": 1000,
        "type": 1,
        "inventory": [],
        "sword": null
    },
    "alice.AliceMage": {
        "id": "alice.AliceMage",
        "name": "AliceMage",
        "status": null,
        "description": null,
        "pronoun": "she",
        "level": 1,
        "max_health": 1000,
        "attack_item": null,
        "defense_item": null,
        "health": 1000,
        "type": 2,
        "inventory": []
    },
    "finn.FinnMerlin": {
        "id": "finn.FinnMerlin",
        "name": "FinnMerlin",
        "status": null,
        "description": null,
        "pronoun": "he",
        "level": 1,
        "max_health": 1000,
        "attack_item": null,
        "defense_item": null,
        "health": 1000,
        "type": 2,
        "inventory": []
    },
    "lexi.CatWhisperer": {
        "id": "lexi.CatWhisperer",
        "name": "CatWhisperer",
        "status": null,
        "description": null,
        "pronoun": "she",
        "level": 1,
        "max_health": 1000,
        "attack_item": null,
        "defense_item": null,
        "health": 1000,
        "type": 2,
        "inventory": []
    },
    "mark.ThunderAxe": {
        "id": "mark.ThunderAxe",
        "name": "ThunderAxe",
        "status": null,
        "description": null,
        "pronoun": "he",
        "level": 1,
        "max_health": 1000,
        "attack_item": null,
        "defense_item": null,
        "health": 1000,
        "type": 1,
        "inventory": [],
        "sword": null
    },
    "toni.MightyToni": {
        "id": "toni.MightyToni",
        "name": "MightyToni",
        "status": null,
        "description": null,
        "pronoun": "she",
        "level": 1,
        "max_health": 1000,
        "attack_item": null,
        "defense_item": null,
        "health": 1000,
        "type": 2,
        "inventory": []
    }
}