{
    "1715203264338478": {
        "session_id": "1715203264338478",
        "player_id": "fttg.FernBeast",
        "game_result": 1,
        "login": "fttg",
        "score": 2280,
        "date": "2024-05-08T17:47:30.053814",
        "enemies_defeated": 1,
        "completed_quests": 0,
        "cells_visited": 36,
        "items_collected": 4
    },
    "1715279562174087": {
        "session_id": "1715279562174087",
        "player_id": "fttg.FernBeast",
        "game_result": 1,
        "login": "fttg",
        "score": 6480,
        "date": "2024-05-09T16:06:29.207823",
        "enemies_defeated": 2,
        "completed_quests": 1,
        "cells_visited": 110,
        "items_collected": 7
    },
    "1715285545353111": {
        "session_id": "1715285545353111",
        "player_id": "fttg.FernWiz",
        "game_result": 1,
        "login": "fttg",
        "score": 750,
        "date": "2024-05-09T16:14:03.557375",
        "enemies_defeated": 0,
        "completed_quests": 0,
        "cells_visited": 15,
        "items_collected": 0
    },
    "1715286657987830": {
        "session_id": "1715286657987830",
        "player_id": "fttg.FernWiz",
        "game_result": 1,
        "login": "fttg",
        "score": 750,
        "date": "2024-05-09T16:33:07.043306",
        "enemies_defeated": 0,
        "completed_quests": 0,
        "cells_visited": 15,
        "items_collected": 0
    },
    "1715287488224857": {
        "session_id": "1715287488224857",
        "player_id": "fttg.FernWiz",
        "game_result": 1,
        "login": "fttg",
        "score": 750,
        "date": "2024-05-09T16:47:19.701915",
        "enemies_defeated": 0,
        "completed_quests": 0,
        "cells_visited": 15,
        "items_collected": 0
    },
    "1715287651224095": {
        "session_id": "1715287651224095",
        "player_id": "fttg.FernWiz",
        "game_result": 1,
        "login": "fttg",
        "score": 750,
        "date": "2024-05-09T16:48:15.669713",
        "enemies_defeated": 0,
        "completed_quests": 0,
        "cells_visited": 15,
        "items_collected": 0
    },
    "1715292557767456": {
        "session_id": "1715292557767456",
        "player_id": "fttg.FernBeast",
        "game_result": 1,
        "login": "fttg",
        "score": 750,
        "date": "2024-05-09T18:09:49.592920",
        "enemies_defeated": 0,
        "completed_quests": 0,
        "cells_visited": 15,
        "items_collected": 0
    },
    "1715292942826445": {
        "session_id": "1715292942826445",
        "player_id": "fttg.FernWiz",
        "game_result": 1,
        "login": "fttg",
        "score": 750,
        "date": "2024-05-09T18:15:53.479397",
        "enemies_defeated": 0,
        "completed_quests": 0,
        "cells_visited": 15,
        "items_collected": 0
    },
    "1715293043833048": {
        "session_id": "1715293043833048",
        "player_id": "fttg.FernBeast",
        "game_result": 1,
        "login": "fttg",
        "score": 750,
        "date": "2024-05-09T18:17:34.033265",
        "enemies_defeated": 0,
        "completed_quests": 0,
        "cells_visited": 15,
        "items_collected": 0
    },
    "1715353889330310": {
        "session_id": "1715353889330310",
        "player_id": "fttg.FernBeast",
        "game_result": 1,
        "login": "fttg",
        "score": 11120,
        "date": "2024-05-10T11:23:31.960092",
        "enemies_defeated": 3,
        "completed_quests": 1,
        "cells_visited": 195,
        "items_collected": 10
    },
    "1715354633986353": {
        "session_id": "1715354633986353",
        "player_id": "fttg.FernBeast",
        "game_result": 2,
        "login": "fttg",
        "score": 13720,
        "date": "2024-05-10T11:29:32.799361",
        "enemies_defeated": 3,
        "completed_quests": 1,
        "cells_visited": 247,
        "items_collected": 10
    },
    "1715355012826605": {
        "session_id": "1715355012826605",
        "player_id": "fttg.FernWiz",
        "game_result": 1,
        "login": "fttg",
        "score": 900,
        "date": "2024-05-10T11:30:57.478067",
        "enemies_defeated": 0,
        "completed_quests": 0,
        "cells_visited": 18,
        "items_collected": 0
    },
    "1715355138012956": {
        "session_id": "1715355138012956",
        "player_id": "fttg.FernWiz",
        "game_result": 2,
        "login": "fttg",
        "score": 16490,
        "date": "2024-05-10T11:35:45.149587",
        "enemies_defeated": 3,
        "completed_quests": 1,
        "cells_visited": 306,
        "items_collected": 8
    },
    "1715615293524025": {
        "session_id": "1715615293524025",
        "player_id": "fttg.FernBeast",
        "game_result": 2,
        "login": "fttg",
        "score": 16480,
        "date": "2024-05-13T11:52:58.239373",
        "enemies_defeated": 4,
        "completed_quests": 1,
        "cells_visited": 298,
        "items_collected": 11
    },
    "1715891003192647": {
        "session_id": "1715891003192647",
        "player_id": "fttg.FernBeast",
        "game_result": 1,
        "login": "fttg",
        "score": 450,
        "date": "2024-05-16T16:24:12.577541",
        "enemies_defeated": 0,
        "completed_quests": 0,
        "cells_visited": 9,
        "items_collected": 0
    },
    "1716218566096431": {
        "session_id": "1716218566096431",
        "player_id": "fttg.Harldan",
        "game_result": 2,
        "login": "fttg",
        "score": 17670,
        "date": "2024-05-20T11:25:21.274530",
        "enemies_defeated": 4,
        "completed_quests": 1,
        "cells_visited": 320,
        "items_collected": 12
    },
    "1716218733339263": {
        "session_id": "1716218733339263",
        "player_id": "lexi.LexiMage",
        "game_result": 2,
        "login": "lexi",
        "score": 17040,
        "date": "2024-05-20T11:28:13.674191",
        "enemies_defeated": 4,
        "completed_quests": 1,
        "cells_visited": 311,
        "items_collected": 10
    },
    "1716218905089485": {
        "session_id": "1716218905089485",
        "player_id": "finn.FinnKnight",
        "game_result": 2,
        "login": "finn",
        "score": 14850,
        "date": "2024-05-21T14:08:51.600479",
        "enemies_defeated": 4,
        "completed_quests": 1,
        "cells_visited": 269,
        "items_collected": 9
    },
    "1716219137462226": {
        "session_id": "1716219137462226",
        "player_id": "sophie.QueenLexi",
        "game_result": 2,
        "login": "sophie",
        "score": 14680,
        "date": "2024-05-20T11:34:03.687706",
        "enemies_defeated": 3,
        "completed_quests": 1,
        "cells_visited": 268,
        "items_collected": 9
    },
    "1716219267969302": {
        "session_id": "1716219267969302",
        "player_id": "sophie.BattleFinn",
        "game_result": 2,
        "login": "sophie",
        "score": 15420,
        "date": "2024-05-21T16:39:37.735368",
        "enemies_defeated": 3,
        "completed_quests": 1,
        "cells_visited": 281,
        "items_collected": 10
    },
    "1716219335175470": {
        "session_id": "1716219335175470",
        "player_id": "toni.Indy",
        "game_result": 1,
        "login": "toni",
        "score": 4360,
        "date": "2024-05-20T11:36:12.293699",
        "enemies_defeated": 1,
        "completed_quests": 0,
        "cells_visited": 74,
        "items_collected": 6
    },
    "1716219399172480": {
        "session_id": "1716219399172480",
        "player_id": "mark.Raccoon",
        "game_result": 1,
        "login": "mark",
        "score": 1230,
        "date": "2024-05-20T11:36:48.292078",
        "enemies_defeated": 0,
        "completed_quests": 0,
        "cells_visited": 21,
        "items_collected": 2
    },
    "1716220299611752": {
        "session_id": "1716220299611752",
        "player_id": "fttg.LexiWarrior",
        "game_result": 1,
        "login": "fttg",
        "score": 1080,
        "date": "2024-05-20T11:51:51.244029",
        "enemies_defeated": 0,
        "completed_quests": 0,
        "cells_visited": 18,
        "items_collected": 2
    },
    "1716226849461035": {
        "session_id": "1716226849461035",
        "player_id": "tucker.BunnyHunter",
        "game_result": 2,
        "login": "tucker",
        "score": 14770,
        "date": "2024-05-20T13:42:44.091485",
        "enemies_defeated": 3,
        "completed_quests": 1,
        "cells_visited": 268,
        "items_collected": 10
    },
    "1716227020505535": {
        "session_id": "1716227020505535",
        "player_id": "tucker.TuckerMage",
        "game_result": 1,
        "login": "tucker",
        "score": 2190,
        "date": "2024-05-20T13:44:01.557996",
        "enemies_defeated": 1,
        "completed_quests": 0,
        "cells_visited": 36,
        "items_collected": 3
    },
    "1716227122549354": {
        "session_id": "1716227122549354",
        "player_id": "tucker.TuckerWiz",
        "game_result": 1,
        "login": "tucker",
        "score": 4600,
        "date": "2024-05-20T17:38:20.487509",
        "enemies_defeated": 2,
        "completed_quests": 0,
        "cells_visited": 80,
        "items_collected": 4
    },
    "1716231165566418": {
        "session_id": "1716231165566418",
        "player_id": "fttg.FernWiz",
        "game_result": 2,
        "login": "fttg",
        "score": 16890,
        "date": "2024-05-20T14:55:27.680787",
        "enemies_defeated": 4,
        "completed_quests": 1,
        "cells_visited": 308,
        "items_collected": 10
    },
    "1716231446915081": {
        "session_id": "1716231446915081",
        "player_id": "alice.AliceKnight",
        "game_result": 2,
        "login": "alice",
        "score": 13640,
        "date": "2024-05-20T14:59:01.637452",
        "enemies_defeated": 3,
        "completed_quests": 1,
        "cells_visited": 249,
        "items_collected": 8
    },
    "1716232877451582": {
        "session_id": "1716232877451582",
        "player_id": "fttg.Harldan",
        "game_result": 1,
        "login": "fttg",
        "score": 1630,
        "date": "2024-05-20T15:22:17.782855",
        "enemies_defeated": 0,
        "completed_quests": 0,
        "cells_visited": 29,
        "items_collected": 2
    },
    "1716233093708521": {
        "session_id": "1716233093708521",
        "player_id": "fttg.Harldan",
        "game_result": 1,
        "login": "fttg",
        "score": 7960,
        "date": "2024-05-20T15:27:18.747670",
        "enemies_defeated": 2,
        "completed_quests": 1,
        "cells_visited": 136,
        "items_collected": 9
    },
    "1716233266975551": {
        "session_id": "1716233266975551",
        "player_id": "fttg.Harldan",
        "game_result": 2,
        "login": "fttg",
        "score": 17710,
        "date": "2024-05-20T15:31:41.821514",
        "enemies_defeated": 4,
        "completed_quests": 2,
        "cells_visited": 315,
        "items_collected": 14
    },
    "1716240848895476": {
        "session_id": "1716240848895476",
        "player_id": "fttg.FernBeast",
        "game_result": 1,
        "login": "fttg",
        "score": 2680,
        "date": "2024-05-20T17:34:55.585524",
        "enemies_defeated": 1,
        "completed_quests": 0,
        "cells_visited": 44,
        "items_collected": 4
    },
    "1716241009397911": {
        "session_id": "1716241009397911",
        "player_id": "fttg.FernBeast",
        "game_result": 1,
        "login": "fttg",
        "score": 4890,
        "date": "2024-05-20T17:37:24.658623",
        "enemies_defeated": 2,
        "completed_quests": 0,
        "cells_visited": 84,
        "items_collected": 5
    },
    "1716241585750159": {
        "session_id": "1716241585750159",
        "player_id": "fttg.LexiWarrior",
        "game_result": 1,
        "login": "fttg",
        "score": 4890,
        "date": "2024-05-20T17:48:02.620017",
        "enemies_defeated": 2,
        "completed_quests": 0,
        "cells_visited": 84,
        "items_collected": 5
    },
    "1716241700285266": {
        "session_id": "1716241700285266",
        "player_id": "tucker.BunnyHunter",
        "game_result": 1,
        "login": "tucker",
        "score": 4990,
        "date": "2024-05-20T17:49:05.944373",
        "enemies_defeated": 2,
        "completed_quests": 0,
        "cells_visited": 86,
        "items_collected": 5
    },
    "1716301904433935": {
        "session_id": "1716301904433935",
        "player_id": "lexi.PuppySlasher",
        "game_result": 2,
        "login": "lexi",
        "score": 18810,
        "date": "2024-05-21T11:39:06.833765",
        "enemies_defeated": 7,
        "completed_quests": 2,
        "cells_visited": 328,
        "items_collected": 15
    },
    "1716302079197428": {
        "session_id": "1716302079197428",
        "player_id": "fttg.FernWiz",
        "game_result": 1,
        "login": "fttg",
        "score": 600,
        "date": "2024-05-21T10:34:50.692719",
        "enemies_defeated": 0,
        "completed_quests": 0,
        "cells_visited": 12,
        "items_collected": 0
    },
    "1716302251262013": {
        "session_id": "1716302251262013",
        "player_id": "fttg.FernWiz",
        "game_result": 1,
        "login": "fttg",
        "score": 450,
        "date": "2024-05-21T10:37:40.877471",
        "enemies_defeated": 0,
        "completed_quests": 0,
        "cells_visited": 9,
        "items_collected": 0
    },
    "1716312149688983": {
        "session_id": "1716312149688983",
        "player_id": "alice.AliceMage",
        "game_result": 1,
        "login": "alice",
        "score": 450,
        "date": "2024-05-21T13:22:39.902599",
        "enemies_defeated": 0,
        "completed_quests": 0,
        "cells_visited": 9,
        "items_collected": 0
    },
    "1716312177428130": {
        "session_id": "1716312177428130",
        "player_id": "alice.AliceMage",
        "game_result": 2,
        "login": "alice",
        "score": 18620,
        "date": "2024-05-21T13:26:18.580149",
        "enemies_defeated": 7,
        "completed_quests": 2,
        "cells_visited": 326,
        "items_collected": 14
    },
    "1716314952537595": {
        "session_id": "1716314952537595",
        "player_id": "finn.FinnMerlin",
        "game_result": 2,
        "login": "finn",
        "score": 15930,
        "date": "2024-05-21T16:37:45.433860",
        "enemies_defeated": 6,
        "completed_quests": 1,
        "cells_visited": 284,
        "items_collected": 10
    },
    "1716323986768483": {
        "session_id": "1716323986768483",
        "player_id": "sophie.QueenLexi",
        "game_result": 3,
        "login": "sophie",
        "score": 13790,
        "date": "2024-05-21T16:42:59.020813",
        "enemies_defeated": 4,
        "completed_quests": 2,
        "cells_visited": 242,
        "items_collected": 11
    },
    "1716324587777581": {
        "session_id": "1716324587777581",
        "player_id": "tucker.CrazyDog",
        "game_result": 3,
        "login": "tucker",
        "score": 2320,
        "date": "2024-05-21T16:50:14.228161",
        "enemies_defeated": 0,
        "completed_quests": 0,
        "cells_visited": 41,
        "items_collected": 3
    },
    "1716324702191083": {
        "session_id": "1716324702191083",
        "player_id": "tucker.CrazyDog",
        "game_result": 2,
        "login": "tucker",
        "score": 16930,
        "date": "2024-05-21T16:54:20.732044",
        "enemies_defeated": 7,
        "completed_quests": 2,
        "cells_visited": 294,
        "items_collected": 13
    },
    "1716406140173813": {
        "session_id": "1716406140173813",
        "player_id": "lexi.CatWhisperer",
        "game_result": 3,
        "login": "lexi",
        "score": 14830,
        "date": "2024-05-22T15:36:06.790469",
        "enemies_defeated": 4,
        "completed_quests": 2,
        "cells_visited": 261,
        "items_collected": 12
    },
    "1716410327832234": {
        "session_id": "1716410327832234",
        "player_id": "lexi.CatWhisperer",
        "game_result": 2,
        "login": "lexi",
        "score": 17350,
        "date": "2024-05-22T16:41:49.474910",
        "enemies_defeated": 7,
        "completed_quests": 2,
        "cells_visited": 306,
        "items_collected": 11
    },
    "1717531202647196": {
        "session_id": "1717531202647196",
        "player_id": "alice.AliceMage",
        "game_result": 2,
        "login": "alice",
        "score": 15180,
        "date": "2024-06-04T16:02:45.736983",
        "enemies_defeated": 5,
        "completed_quests": 1,
        "cells_visited": 275,
        "items_collected": 8
    },
    "1717531386822885": {
        "session_id": "1717531386822885",
        "player_id": "lexi.PuppySlasher",
        "game_result": 2,
        "login": "lexi",
        "score": 19660,
        "date": "2024-06-04T16:07:45.979322",
        "enemies_defeated": 7,
        "completed_quests": 2,
        "cells_visited": 345,
        "items_collected": 15
    },
    "1717531730236044": {
        "session_id": "1717531730236044",
        "player_id": "fttg.FernWiz",
        "game_result": 2,
        "login": "fttg",
        "score": 18200,
        "date": "2024-06-04T16:34:16.043892",
        "enemies_defeated": 7,
        "completed_quests": 2,
        "cells_visited": 323,
        "items_collected": 11
    },
    "1717781937218637": {
        "session_id": "1717781937218637",
        "player_id": "sophie.BattleFinn",
        "game_result": 2,
        "login": "sophie",
        "score": 15950,
        "date": "2024-06-07T13:43:59.170032",
        "enemies_defeated": 5,
        "completed_quests": 1,
        "cells_visited": 285,
        "items_collected": 11
    },
    "1718378934817395": {
        "session_id": "1718378934817395",
        "player_id": "fttg.Harldan",
        "game_result": 3,
        "login": "fttg",
        "score": 1380,
        "date": "2024-06-14T11:29:14.776452",
        "enemies_defeated": 0,
        "completed_quests": 0,
        "cells_visited": 24,
        "items_collected": 2
    },
    "1718379331603206": {
        "session_id": "1718379331603206",
        "player_id": "fttg.Harldan",
        "game_result": 3,
        "login": "fttg",
        "score": 1380,
        "date": "2024-06-14T11:35:49.123464",
        "enemies_defeated": 0,
        "completed_quests": 0,
        "cells_visited": 24,
        "items_collected": 2
    },
    "1718379387761359": {
        "session_id": "1718379387761359",
        "player_id": "fttg.Harldan",
        "game_result": 1,
        "login": "fttg",
        "score": 2430,
        "date": "2024-06-14T11:39:10.229728",
        "enemies_defeated": 1,
        "completed_quests": 0,
        "cells_visited": 39,
        "items_collected": 4
    },
    "1725032735970532": {
        "session_id": "1725032735970532",
        "player_id": "mark.ThunderAxe",
        "game_result": 3,
        "login": "mark",
        "score": 10410,
        "date": "2024-08-30T11:48:30.347431",
        "enemies_defeated": 2,
        "completed_quests": 1,
        "cells_visited": 185,
        "items_collected": 9
    },
    "1725032923501763": {
        "session_id": "1725032923501763",
        "player_id": "mark.ThunderAxe",
        "game_result": 2,
        "login": "mark",
        "score": 17960,
        "date": "2024-08-30T11:52:52.420430",
        "enemies_defeated": 7,
        "completed_quests": 1,
        "cells_visited": 315,
        "items_collected": 14
    },
    "1725033255080341": {
        "session_id": "1725033255080341",
        "player_id": "tucker.BunnyHunter",
        "game_result": 3,
        "login": "tucker",
        "score": 10930,
        "date": "2024-08-30T12:02:50.518583",
        "enemies_defeated": 3,
        "completed_quests": 2,
        "cells_visited": 189,
        "items_collected": 10
    },
    "1725033805951929": {
        "session_id": "1725033805951929",
        "player_id": "tucker.BunnyHunter",
        "game_result": 2,
        "login": "tucker",
        "score": 16830,
        "date": "2024-08-30T12:06:40.150839",
        "enemies_defeated": 7,
        "completed_quests": 1,
        "cells_visited": 296,
        "items_collected": 12
    },
    "1725034205250405": {
        "session_id": "1725034205250405",
        "player_id": "toni.MightyToni",
        "game_result": 2,
        "login": "toni",
        "score": 19540,
        "date": "2024-08-30T12:13:34.238303",
        "enemies_defeated": 8,
        "completed_quests": 2,
        "cells_visited": 342,
        "items_collected": 14
    },
    "1725034863746428": {
        "session_id": "1725034863746428",
        "player_id": "tucker.TuckerBlue",
        "game_result": 2,
        "login": "tucker",
        "score": 17300,
        "date": "2024-08-30T12:26:02.899105",
        "enemies_defeated": 6,
        "completed_quests": 1,
        "cells_visited": 306,
        "items_collected": 13
    },
    "1725035415482424": {
        "session_id": "1725035415482424",
        "player_id": "finn.FinnKnight",
        "game_result": 2,
        "login": "finn",
        "score": 16910,
        "date": "2024-08-30T12:32:50.231525",
        "enemies_defeated": 6,
        "completed_quests": 1,
        "cells_visited": 300,
        "items_collected": 12
    },
    "1725039022828332": {
        "session_id": "1725039022828332",
        "player_id": "tucker.CrazyDog",
        "game_result": 2,
        "login": "tucker",
        "score": 18430,
        "date": "2024-08-30T13:35:05.718126",
        "enemies_defeated": 8,
        "completed_quests": 2,
        "cells_visited": 318,
        "items_collected": 15
    },
    "1725054045747797": {
        "session_id": "1725054045747797",
        "player_id": "sophie.QueenLexi",
        "game_result": 3,
        "login": "sophie",
        "score": 14040,
        "date": "2024-08-30T17:47:15.755490",
        "enemies_defeated": 4,
        "completed_quests": 1,
        "cells_visited": 251,
        "items_collected": 10
    },
    "1725054452143251": {
        "session_id": "1725054452143251",
        "player_id": "sophie.QueenLexi",
        "game_result": 2,
        "login": "sophie",
        "score": 19000,
        "date": "2024-08-30T17:54:37.735195",
        "enemies_defeated": 8,
        "completed_quests": 2,
        "cells_visited": 333,
        "items_collected": 13
    },
    "1725055094716502": {
        "session_id": "1725055094716502",
        "player_id": "finn.FinnMerlin",
        "game_result": 2,
        "login": "finn",
        "score": 19730,
        "date": "2024-08-30T18:05:21.492006",
        "enemies_defeated": 8,
        "completed_quests": 2,
        "cells_visited": 344,
        "items_collected": 15
    }
}