920a5ddc-03cf-471e-8076-15df34e112e4,2024-11-29 21:10,6,3ba80cf0-250c-46f5-a897-f417c0deb558,3c177ec4-dda3-440e-9f3e-55ebc18840b9,Enhanced
421d97fb-a973-4fc4-9c77-b855a5513df8,2024-11-29 21:10,10,8da14403-4e5a-471b-8f4b-30a98ab1d84a,a0bf0db7-9ec6-4d58-a15c-538fab4b1aa4,Extreme
4992ae31-7f4e-4b73-a514-0f0fca7d1ada,2024-11-29 21:10,3,3ba80cf0-250c-46f5-a897-f417c0deb558,3c177ec4-dda3-440e-9f3e-55ebc18840b9,Enhanced
41055367-a6ce-4bce-853d-a44d9ac42e2b,2024-11-29 21:20,9,0c06d4c4-40dc-4f18-9c25-964836437e39,3b6a3939-dccc-4417-9234-dc9881916721,Enhanced
45b0a144-6ceb-4bfb-be40-48425d255f2d,2024-11-29 21:35,9,e56fdca2-eb90-43a2-b4bd-72f2e5a56ae7,60051003-f646-4a57-a346-cbb279079e83,Basic
bf583d70-ef8c-4bcc-be00-523d01d832a5,2024-11-29 21:35,5,df2e714a-5cc9-4bfa-be9b-b49f9cf7ceab,e874fbd8-d8fa-45a7-b3d1-835eb16ce145,Extreme
9550e860-15fa-4a6b-b66e-c4788926191d,2024-11-29 21:35,2,14b0e1aa-2f2f-4439-bc97-5fe9a66e0cd2,a457a360-87be-4027-b2c9-7ecf86a45bc0,Extreme
bf6b4d24-367b-4772-a114-eaaf1fa8d11c,2024-11-29 21:45,2,3f1a8701-1392-420a-82f8-82c625f4565d,26ea95a9-f058-477c-a820-d5c236dda114,Extreme
9400609d-f407-4b25-a2e0-fe1ad492ff21,2024-11-29 21:50,7,5e35b730-c84c-468c-9408-ebb499f339b7,4a90c2e3-fb85-4032-b093-ac70fff5f3cb,Enhanced
c216f195-90c1-4595-ab52-b67f7a9142c3,2024-11-29 21:50,6,5c1fde90-1848-4abf-be18-25ace88fe3f7,0d887b5f-9d46-429d-b31d-cc951155a4d1,Enhanced
9e88a2b3-7feb-4e93-8222-375a6511d56d,2024-11-29 21:50,3,43134bb8-538e-408f-b7f8-46cccf75b864,76bb0527-8c9a-4d8e-b1b6-f07c85a66728,Enhanced
8c188b19-416e-4482-94e2-21ea4b5760ca,2024-11-29 21:50,1,e56fdca2-eb90-43a2-b4bd-72f2e5a56ae7,60051003-f646-4a57-a346-cbb279079e83,Basic
89905cf0-da17-41d7-892c-73513d43deb0,2024-11-29 21:50,5,0a96cec3-c3c5-48a0-8fa2-d4d85ab80f34,73721b3f-2260-4629-99f4-a433e387f646,Extreme
bc139f6e-8085-4e87-bf16-c9a4e3fd5578,2024-11-29 21:50,6,43134bb8-538e-408f-b7f8-46cccf75b864,76bb0527-8c9a-4d8e-b1b6-f07c85a66728,Enhanced
3588ecb4-fa2a-4bc2-b19d-4bea2faad29e,2024-11-29 22:00,6,d217b4bc-cd11-4186-873d-6c745417f073,eae4bcb0-f52d-43b9-b92b-af0ce0cfcbb8,Enhanced
89b8b411-a3d2-4cde-8fc0-af1e15021029,2024-11-29 22:00,3,34603588-5369-4271-94e1-f5245cf8ee8b,b7e4e9c8-15fe-49ad-a886-faf06bdef422,Extreme
f5bd44be-c260-4b2d-8615-de4aaa845f5e,2024-11-29 22:05,5,754d1160-8988-429b-b200-45ad2eb9916d,972196c0-9e3b-463f-8dea-6f7a38d87dcc,Extreme
a2ab29db-8130-4448-8797-c53da3cb3cbe,2024-11-29 22:05,3,3f1a8701-1392-420a-82f8-82c625f4565d,26ea95a9-f058-477c-a820-d5c236dda114,Extreme
7e53328c-b01b-4234-9602-1d89e3f27f6e,2024-11-29 22:05,7,0c06d4c4-40dc-4f18-9c25-964836437e39,3b6a3939-dccc-4417-9234-dc9881916721,Enhanced
ea50c63e-8388-431b-b6d6-7deb24dec1ee,2024-11-29 22:10,5,93872ee1-c4e0-45f5-8c92-a216571fb9af,b467678d-8c12-4b42-9399-8ba04fefb8cc,Basic
bc6ced4f-e201-4e3e-a601-c91184040381,2024-11-29 22:20,8,2da0273e-afbb-4aff-a7e0-f2f4ef2d12e7,46378597-2ff9-4df2-adeb-2003f0769247,Enhanced
00b96cec-26c3-47c4-8aad-2e2a44edfcd5,2024-11-29 22:20,5,5dc8d583-0012-48c2-a1cb-1849fa63eba4,120333db-77e7-4e05-bbce-7f0a0e4ea676,Enhanced
ae553033-e326-40cd-9b00-33abef119dea,2024-11-29 22:20,3,325e0983-7754-47e6-b8cd-2c9ac80a5217,8d1f188f-be7e-47d2-bd79-7d50c66da1d1,Extreme
9fdad27b-8ece-44db-872b-4c81903f673e,2024-11-29 22:20,1,d217b4bc-cd11-4186-873d-6c745417f073,eae4bcb0-f52d-43b9-b92b-af0ce0cfcbb8,Enhanced
9954a2d3-50b9-48c5-904d-e88eb90a34bd,2024-11-29 22:20,10,0a96cec3-c3c5-48a0-8fa2-d4d85ab80f34,73721b3f-2260-4629-99f4-a433e387f646,Extreme
e1b468b1-146a-4ac5-8001-34dcbb6f872e,2024-11-29 22:20,3,e3ee02a2-216c-4c15-8591-9e73924a84df,d5e5335f-b672-4cce-ba14-9ed1f769ed36,Enhanced
5564d0cb-70cd-46c5-9348-4daca0f59869,2024-11-29 22:20,6,e64c5e1a-465f-4d89-a480-18b5e99d1dbd,1a8c6751-f278-4ee8-97bf-8c75cf2efc7c,Extreme
6b21e355-3263-44d6-863c-6bdfda53e0d9,2024-11-29 22:25,1,1172ffaa-7966-451e-85aa-5d664bf20ffc,709a8851-16a1-44cd-9012-479ae02b67e1,Basic
3dd8aef3-3e80-4d7d-80fc-6aa6d4086215,2024-11-29 22:25,1,754d1160-8988-429b-b200-45ad2eb9916d,972196c0-9e3b-463f-8dea-6f7a38d87dcc,Extreme
0a0efae3-12a5-44f2-a04b-ac1385996c7b,2024-11-29 22:25,6,2753d924-a280-44f1-94dd-7beafef22ceb,ccbbfbd5-d5d0-4386-974b-3cdd4ef556e2,Extreme
7e9a1023-060a-44b9-8709-92df01afefd5,2024-11-29 22:25,4,796037cc-9dd3-47f0-b7db-b5efa30d558b,fef72054-5964-449d-ba4b-0ee63314d425,Extreme
b626ca25-d0ee-44a0-8433-33751023587d,2024-11-29 22:25,8,1f51057c-d097-47e8-8906-5c8b9170fefa,37725ada-521a-4a17-97e2-89a41dfd8d1f,Enhanced
35d9f013-c6af-473a-a978-b93ad80b4e0d,2024-11-29 22:25,7,c26f3916-e53a-44b6-85f4-f8888177c141,5b995591-fe86-460c-bb84-cfe4618d24ab,Basic
7370fa2b-c7c2-4aa4-9996-9e53af535a68,2024-11-29 22:30,7,a18565a7-fe63-4519-9335-22a7ee6d077c,09850701-74b3-4077-bcfd-ae8213d303eb,Enhanced
3afec2c5-c158-474f-8edf-8e3c9a752904,2024-11-29 22:30,6,1f51057c-d097-47e8-8906-5c8b9170fefa,37725ada-521a-4a17-97e2-89a41dfd8d1f,Enhanced
918ff023-9ec1-4f22-b128-7ebaadc05b8f,2024-11-29 22:30,4,1172ffaa-7966-451e-85aa-5d664bf20ffc,709a8851-16a1-44cd-9012-479ae02b67e1,Basic
cc6e0e02-a5eb-40ff-b331-5fe615cdaf27,2024-11-29 22:30,3,22b0b70e-1854-41fa-a8a0-636c28bcbaff,895133d9-2df8-44e4-a862-7e58cebd36de,Extreme
31e20afb-941a-436a-9ff9-83e6b9c13ba4,2024-11-29 22:30,6,2753d924-a280-44f1-94dd-7beafef22ceb,ccbbfbd5-d5d0-4386-974b-3cdd4ef556e2,Extreme
3ca74720-7889-41f0-a059-9021f917bff3,2024-11-29 22:30,7,34dddcb3-6371-45e8-85ff-c2a49efae0b9,bfb79bc8-df7d-4822-9d1d-fc40cc7618a7,Basic
d2264a8d-cedd-43a8-86d0-406588da90e5,2024-11-29 22:35,8,73e479bc-d6ff-45ae-9bfc-4a2a5ff7328c,fe9f9695-4ca5-4cb2-bec5-d04544f97cd6,Extreme
2c914ec6-7ef5-4cc3-a7bc-5fc987673484,2024-11-29 22:35,10,2f6de012-b443-4457-8552-c201079ca0a9,c1aaf411-efc4-4924-a143-0a9b74923d20,Basic
c1b492c5-f061-413f-93cc-59ed46fa30f1,2024-11-29 22:35,8,792f54fd-4b8e-4efc-baf7-d0a93a5004b5,b094505e-710e-41b7-b080-cd7217be085e,Basic
bbcad0b4-33de-4c37-b31f-b5018a7660ae,2024-11-29 22:35,1,21d802e3-c3f5-4670-905f-02624d19add6,7d43a781-8285-4baf-8588-c3e68639ba85,Basic
c5e6b73e-5baf-4287-87e8-c9f0d282096f,2024-11-29 22:35,1,a18565a7-fe63-4519-9335-22a7ee6d077c,09850701-74b3-4077-bcfd-ae8213d303eb,Enhanced
982b18a9-ad4e-4b9d-b435-52b87ce100a6,2024-11-29 22:35,2,366da3e4-3ee3-4899-936d-dc8cad4825d9,05f3e85e-cbb0-47d7-9ef1-9d4ba4225a5d,Basic
a25e9c89-fa0b-453c-b974-5cbcb2e6eeb5,2024-11-29 22:40,6,1f51057c-d097-47e8-8906-5c8b9170fefa,37725ada-521a-4a17-97e2-89a41dfd8d1f,Enhanced
81f96dc8-810b-4704-b550-9b4b5eab0786,2024-11-29 22:40,3,40f7b347-9ecf-4f13-9908-d10eb64104bd,946bdfa0-eedd-4f4a-b3d1-b89cf09070fd,Enhanced
33a836bc-a373-49ee-9a4f-c7a11f7fb80f,2024-11-29 22:40,6,366da3e4-3ee3-4899-936d-dc8cad4825d9,05f3e85e-cbb0-47d7-9ef1-9d4ba4225a5d,Basic
456f39bb-87f7-4e40-820c-c1557f089b8f,2024-11-29 22:40,1,166017d5-af39-4d8d-8c08-bc9a3b40bb93,b7c502c7-1a76-4795-b3f6-e7c8f00c7edc,Extreme
1bfef2b4-18af-4e24-8a98-3c7b6a7630ef,2024-11-29 22:40,8,190ff4a1-93d5-48b3-996e-d1872aab68eb,c7c5fb82-e020-4eb0-825d-f96027aa1542,Extreme
8d48dfe0-e8cd-4a55-ae6b-aa59ab9dbc6e,2024-11-29 22:40,6,3f1a8701-1392-420a-82f8-82c625f4565d,26ea95a9-f058-477c-a820-d5c236dda114,Extreme
e42e1dff-bedb-4428-819d-77dda22b15e2,2024-11-29 22:40,4,8c4ff790-88ab-4f53-8c7d-dc268ac60089,d4903808-79f8-4c28-8c9a-11906630473d,Enhanced
